genre_form,identifier,access_rights,date_digital_creation,digital_publisher,description,date_created,format,extent,content_type,medium,rights_details,subject,title,Image,geographic_subject,classification
"['Gold gilt papers', 'Laid lines', 'art reproduction']","['5406', '12306']",Openly accessible,2021-06-16T14:19:03.238000+00:00,Texas A & M University. Libraries,"Surface application; Printed; P4.D6.F2; Overall pattern of floral design with orange and green diamond paste background; backed; Contained in BASSENGE folder;  Was book cover; book plate on verso; No Haemmerle; Sidney E. Berger and Michele V. Cloonan purchased the sheet from Bassenge Kunst und Buchauktion (Auction 97, Lot #5406) in 08/2011.; Section(s) from the Decorated and Decorative Paper Terms Thesaurus: VIII.H.1.d.1; Not signed. Not stamped.; Creased at center fold line; worn at crease; edge tear",1750s,reformatted digital,"1 sheet of orange, green and off-white Dutch gilt paper; 12.00 x 15.00 in.",StillImage,Paper,"No copyright - United States; For more information, see:  http://rightsstatements.org/vocab/NoC-US/1.0/",Decorative paper,Berger-Cloonan #12306,https://api.library.tamu.edu/fcrepo/rest/3b/6f/c3/25/3b6fc325-f6ca-41d8-b91e-8c5db3be8c13/berger_cloonan_batch_3_objects/32/pages/page_0/files/12306.jpg,,
"['Laid lines', 'art reproduction', 'Patterned paste papers']",12407,Openly accessible,2021-06-16T14:28:17.003000+00:00,Texas A & M University. Libraries,"Distribution of fibers; Surface application; Laid; Paste; P4.D6.F7; Hernhuter (monastery near Leipzig)paper used as book cover with plain cream paper backing; wave or fan design; laid paper; inscription on piece: ""Sterb = Acten der Gemeinde fur das Jahr 1832.""; [printed in black ink on recto of decorated white label affixed to recto]: ""[after Gemeinde]  Heilingenmoschel""; [written in black ink on recto of decorated white label affixed to recto]:  ""[after Gemeinde] Heilingenmoschel.""; Barry McKay donated the sheet to Sidney E. Berger and Michele V. Cloonan circa 2002.; Section(s) from the Decorated and Decorative Paper Terms Thesaurus: II.E; VIII.G.3; Not signed. Not stamped. Stickered. Not embossed.; Small worn areas on recto; creased for binding; 2 pieces joined; stains and writing on decorated white label affixed to recto",Mid 18th century,reformatted digital,"1 book cover (3 images, front, inside view, back); black, gray and white paste paper; 13.75 x 19.75 in.",StillImage,Paper,"No copyright - United States; For more information, see:  http://rightsstatements.org/vocab/NoC-US/1.0/",Decorative paper,Berger-Cloonan #12407,https://api.library.tamu.edu/fcrepo/rest/3b/6f/c3/25/3b6fc325-f6ca-41d8-b91e-8c5db3be8c13/berger_cloonan_batch_3_objects/72/pages/page_0/files/12407a.jpg|https://api.library.tamu.edu/fcrepo/rest/3b/6f/c3/25/3b6fc325-f6ca-41d8-b91e-8c5db3be8c13/berger_cloonan_batch_3_objects/72/pages/page_1/files/12407b.jpg|https://api.library.tamu.edu/fcrepo/rest/3b/6f/c3/25/3b6fc325-f6ca-41d8-b91e-8c5db3be8c13/berger_cloonan_batch_3_objects/72/pages/page_2/files/12407c.jpg,Germany,
,"['12304', '5443']",Openly accessible,2021-06-16T14:18:49.615000+00:00,Texas A & M University. Libraries,"Distribution of fibers; Surface application; Laid; Printed; P4.D6.F2; Overall pattern of star or asterisk with dot design; gold over white background; Contained in BASSENGE folder; See Haemmerle #130; laid paper; Stamped in the block on recto: ""CUM. PRIVILEGIO . SAC. CAES. MAI. ANNO. 1723. JOS. FRID. LEOPOLD. EXCUD. AUG V.""; Sidney E. Berger and Michele V. Cloonan purchased the sheet from Bassenge Kunst und Buchauktion (Auction 98, Lot #5443) in 12/2011; Section(s) from the Decorated and Decorative Paper Terms Thesaurus: II.E; VIII.H.1.d.1; Not signed. Stamped.",1723,reformatted digital,1 sheet of gold and off-white Dutch gilt paper; 12.50 x 15.75 in.,StillImage,Paper,"No copyright - United States; For more information, see:  http://rightsstatements.org/vocab/NoC-US/1.0/",Decorative paper,Berger-Cloonan #12304,https://api.library.tamu.edu/fcrepo/rest/3b/6f/c3/25/3b6fc325-f6ca-41d8-b91e-8c5db3be8c13/berger_cloonan_batch_3_objects/31/pages/page_0/files/12304.jpg,Germany--Augsburg,
"['Laid lines', 'Dribbled paste papers', 'art reproductions']",12406,Openly accessible,2021-06-16T14:28:01.070000+00:00,Texas A & M University. Libraries,"Distribution of fibers; Surface application; Laid; Paste; P4.D6.F7; Hernhuter (monastery near Leipzig)paper used as book cover with plain white paper backing; speckled or dribbled design; laid paper; inscription on piece: ""Sterb = Uft fur die Gemeinde. pro 1840""; [printed in black ink on recto of decorated white label affixed to recto]: ""[after fur die Gemeinde]  Heilingenmoschel""; [written in black ink on recto of decorated white label affixed to recto: “[after fur die Gemeinde] Heilingenmoschel""; Barry McKay donated the sheet to Sidney E. Berger and Michele V. Cloonan circa 2002.; Section(s) from the Decorated and Decorative Paper Terms Thesaurus: II.E; VIII.G.2.b; Not signed. Not stamped. Stickered. Not embossed.; Creased corners; small worn areas on recto; creased for binding",Mid 18th century,reformatted digital,"1 book cover (3 images, front, inside view, back); black and white paste paper; 13.75 x 19.50 in.",StillImage,Paper,"No copyright - United States; For more information, see:  http://rightsstatements.org/vocab/NoC-US/1.0/",Decorative paper,Berger-Cloonan #12406,https://api.library.tamu.edu/fcrepo/rest/3b/6f/c3/25/3b6fc325-f6ca-41d8-b91e-8c5db3be8c13/berger_cloonan_batch_3_objects/71/pages/page_0/files/12406a.jpg|https://api.library.tamu.edu/fcrepo/rest/3b/6f/c3/25/3b6fc325-f6ca-41d8-b91e-8c5db3be8c13/berger_cloonan_batch_3_objects/71/pages/page_1/files/12406b.jpg|https://api.library.tamu.edu/fcrepo/rest/3b/6f/c3/25/3b6fc325-f6ca-41d8-b91e-8c5db3be8c13/berger_cloonan_batch_3_objects/71/pages/page_2/files/12406c.jpg,Germany,
"['Printed papers', 'art reproduction', 'endpapers']",7010,Openly accessible,2021-06-16T14:12:41.588000+00:00,Texas A & M University. Libraries,Surface application; Printed; M5.D5.F16; Previously used as an endpaper in a bookbinding; textured surface; The sheet is from the Bernard Middleton Collection. Bernard Middleton donated this sheet to Sidney E. Berger and Michele V. Cloonan circa 1990.; Section(s) from the Decorated and Decorative Paper Terms Thesaurus: VIII.H; Not signed. Not stamped.; Mold spots on recto; paper has been folded into fourths; large tear in one quadrant; edge tears; creased corners.,19th century,reformatted digital,1 sheet of dark purple and pink printed paper; 20.00 x 29.75 in.,StillImage,Paper,"No copyright - United States; For more information, see:  http://rightsstatements.org/vocab/NoC-US/1.0/",Decorative paper,Berger-Cloonan #7010,https://api.library.tamu.edu/fcrepo/rest/3b/6f/c3/25/3b6fc325-f6ca-41d8-b91e-8c5db3be8c13/berger_cloonan_batch_3_objects/3/pages/page_0/files/07010.jpg,,
"['endpapers', 'Watermarks', 'Laid lines', 'art reproduction']",10294,Openly accessible,2021-06-16T14:15:11.727000+00:00,Texas A & M University. Libraries,Distribution of fibers; Laid; Watermarked; P1.D4.F3; Previously used as an endpaper in a bookbinding; laid; unidentified watermark; Photograph taken with the aid of a light table. The false image color more accurately captures the details of the laid paper and associated watermark(s).; Section(s) from the Decorated and Decorative Paper Terms Thesaurus: II.E; II.H; Not signed. Not stamped.; Discolored; edges torn; center torn; fragile,19th century [?],reformatted digital,1 sheet of white laid paper; 4.00 x 6.75 in.,StillImage,Paper,"No copyright - United States; For more information, see:  http://rightsstatements.org/vocab/NoC-US/1.0/","['Watermarks', 'Decorative paper']",Berger-Cloonan #10294,https://api.library.tamu.edu/fcrepo/rest/3b/6f/c3/25/3b6fc325-f6ca-41d8-b91e-8c5db3be8c13/berger_cloonan_batch_3_objects/15/pages/page_0/files/10294.jpg,,P1.D4.F3.A
"['Random marbled papers', 'endpapers', 'marbled paper', 'Laid lines', 'art reproduction']",7009,Openly accessible,2021-06-16T14:12:27.419000+00:00,Texas A & M University. Libraries,Distribution of fibers; Surface application; Laid; Marbled; M5.D5.F16; Previously used as an endpaper in a bookbinding; laid paper; The sheet is from the Bernard Middleton Collection. Bernard Middleton donated this sheet to Sidney E. Berger and Michele V. Cloonan circa 1990.; Section(s) from the Decorated and Decorative Paper Terms Thesaurus: II.E; VIII.F.4; Not signed. Not stamped.; One-third fold; worn areas on recto; creased corner; edge tears; staining on verso.,19th century,reformatted digital,"1 sheet of light blue, dark blue and white marbled paper; 12.25 x 13.00 in.",StillImage,Paper,"No copyright - United States; For more information, see:  http://rightsstatements.org/vocab/NoC-US/1.0/",Marbled papers,Berger-Cloonan #7009,https://api.library.tamu.edu/fcrepo/rest/3b/6f/c3/25/3b6fc325-f6ca-41d8-b91e-8c5db3be8c13/berger_cloonan_batch_3_objects/2/pages/page_0/files/07009.jpg,,
"['art reproduction', 'Laid lines', 'Block-printed papers']",12385,Openly accessible,2021-06-16T14:24:34.258000+00:00,Texas A & M University. Libraries,"Distribution of fibers; Surface application; Laid; Printed; P4.D6.F7; Charming colonial village scene with animals; laid paper; Inscription on original piece: ""Acq. L.A. Book Fair 2/14/1998 Apx by gatekend 300-""; Contained in a white folder marked in pencil: ""18th century Printed etc.""; Section(s) from the Decorated and Decorative Paper Terms Thesaurus: II.E; VIII.H.1; Not signed. Not stamped. Not stickered. Not embossed.; Creased; torn; wrinkled; discolored on recto and verso; early repair and repaint to bottom center; repair tape on verso; pinholes",1740,reformatted digital,"1 sheet of brown, orange and cream block-printed paper; 18.00 x 14.50 in.",StillImage,Paper,"No copyright - United States; For more information, see:  http://rightsstatements.org/vocab/NoC-US/1.0/",Decorative paper,Berger-Cloonan #12385,https://api.library.tamu.edu/fcrepo/rest/3b/6f/c3/25/3b6fc325-f6ca-41d8-b91e-8c5db3be8c13/berger_cloonan_batch_3_objects/56/pages/page_0/files/12385.jpg,,
"['Laid lines', 'art reproduction', 'Watermarks']",12371,Openly accessible,2021-06-16T14:22:01.774000+00:00,Texas A & M University. Libraries,"Distribution of fibers; Laid; Watermarked; P4.D6.F7; Laid paper; religious scenes and 2 crest copper plate printed in black ink on recto; used for invitations or broadsides; watermark has bird like figure and filigree with letters above; inscription on piece: ""394 MG 100-ACQ. L.A. Book Fair 2/14/1998""; [written in black ink on verso]: ""3777. 11 October 1935""; [stamped in black in on verso]: ""GEMEENTELIJKE BIBLIOTHEEK ROTTERDAM"" [in a circle around a crest]; Contained in a white folder marked in pencil: 18th century Printed etc.""; Sidney E. Berger and Michele V. Cloonan purchased the sheet.; Section(s) from the Decorated and Decorative Paper Terms Thesaurus: II.E; II.H; Not signed. Not stamped. Not stickered. Not embossed.; Creased; edge tears; wrinkled; stained  and discolored on recto and verso",1800,reformatted digital,1 sheet of cream laid watermarked paper; 5.75 x 22.50 in.,StillImage,Paper,"No copyright - United States; For more information, see:  http://rightsstatements.org/vocab/NoC-US/1.0/",Decorative paper,Berger-Cloonan #12371,https://api.library.tamu.edu/fcrepo/rest/3b/6f/c3/25/3b6fc325-f6ca-41d8-b91e-8c5db3be8c13/berger_cloonan_batch_3_objects/45/pages/page_0/files/12371.jpg,,
"['Laid lines', 'Block-printed papers', 'art reproduction']",12384,Openly accessible,2021-06-16T14:24:20.505000+00:00,Texas A & M University. Libraries,"Distribution of fibers; Surface application; Laid; Printed; P4.D6.F7; Charming printed and colored scenes of animals and musicians; laid paper; Inscription on original piece: ""kattumpapier Hollandisch, um 1780 vgl. Haemmerle Farbtat 18 5 [circled] SDB 1086""; Contained in a white folder marked in pencil: ""18th century Printed etc."";  See Haemmerle p. 161 plate 18; Section(s) from the Decorated and Decorative Paper Terms Thesaurus: II.E; VIII.H.1; Not signed. Not stamped. Not stickered. Not embossed.; Creased; folded at center; small edge tears; slight discoloration recto and verso",1780,reformatted digital,"1 sheet of green, black, gold and cream block-printed paper; 18.25 x 14.75 in.",StillImage,Paper,"No copyright - United States; For more information, see:  http://rightsstatements.org/vocab/NoC-US/1.0/",Decorative paper,Berger-Cloonan #12384,https://api.library.tamu.edu/fcrepo/rest/3b/6f/c3/25/3b6fc325-f6ca-41d8-b91e-8c5db3be8c13/berger_cloonan_batch_3_objects/55/pages/page_0/files/12384.jpg,,
"['art reproduction', 'Gold gilt papers', 'Laid lines']","['12368', '5426']",Openly accessible,2021-06-16T14:21:48.160000+00:00,Texas A & M University. Libraries,"Distribution of fibers; Surface application; Laid; Printed; P4.D6.F6; Overall pattern of floral design; gold over white paste; 4 borders; laid paper; [written in pencil on verso]: ""Haemmerle 342a JLAL""; [printed in the block on recto}: ""No. 2 PAULUS REYMUND IN NURNBERG""; Contained in BASSENGE folder; Affixed with white tape at 2 corners to sheet of white, semi-glossy poster board; Part of book cover?; Sidney E. Berger and Michele V. Cloonan purchased the sheet from Bassenge Kunst und Buchauktion (Auction 103, Lot #5426) in 07/2011.; Section(s) from the Decorated and Decorative Paper Terms Thesaurus: II.E; VIII.H.1.d.1; Not signed. Not stamped. Not stickered. Not embossed.; Slightly creased; worn area at center on recto",1785 [?],reformatted digital,"1 sheet of gold, white and cream  printed paper; 14.00 x 16.50 in.",StillImage,Paper,"No copyright - United States; For more information, see:  http://rightsstatements.org/vocab/NoC-US/1.0/",Decorative paper,Berger-Cloonan #12368,https://api.library.tamu.edu/fcrepo/rest/3b/6f/c3/25/3b6fc325-f6ca-41d8-b91e-8c5db3be8c13/berger_cloonan_batch_3_objects/44/pages/page_0/files/12368.jpg,Germany--Nuremberg,
"['Block-printed papers', 'art reproduction']",12420,Openly accessible,2021-06-16T14:31:04.984000+00:00,Texas A & M University. Libraries,"Surface application; Printed; P4.D6.F7; Ream wrapper printed in gold on black paper for DEMOISELLE BATH paper; inscription on piece: ""1840s Letterpaper label $125""; Sidney E. Berger and Michele V. Cloonan purchased the sheet; Section(s) from the Decorated and Decorative Paper Terms Thesaurus: VIII.H.1; Not signed. Not stamped. Stickered. Not embossed; Mounted in tan paper that is backed with foam board; covered with clear plastic wrap.",1840s,reformatted digital,1 sheet of gold and black block-printed paper; 14.50 x 12.00 in.,"['StillImage', 'Text']",Paper,"No copyright - United States; For more information, see:  http://rightsstatements.org/vocab/NoC-US/1.0/",Decorative paper,Berger-Cloonan #12420,https://api.library.tamu.edu/fcrepo/rest/3b/6f/c3/25/3b6fc325-f6ca-41d8-b91e-8c5db3be8c13/berger_cloonan_batch_3_objects/84/pages/page_0/files/12420.jpg,,
"['art reproduction', 'Non-patterned Paste papers', 'Laid lines']",12381,Openly accessible,2021-06-16T14:23:39.606000+00:00,Texas A & M University. Libraries,"Distribution of fibers; Surface application; Laid; Paste; P4.D6.F7; Previously used as an endpaper in a bookbinding; Abstract design; laid paper backing on verso on 1 side; inscription on piece: ""Gift of Bernard Middleton c. 1993""; Contained in a white folder marked in pencil: ""18th century Printed etc.""; The sheet is from the Bernard Middleton Collection. Bernard Middleton donated the sheet to Sidney E. Berger and Michele V. Cloonan in 1993.; Section(s) from the Decorated and Decorative Paper Terms Thesaurus: II.E; VIII.G.2; Not signed. Not stamped. Not stickered. Not embossed.; Creased and folded at center for book; torn at center fold at top; edge tears; stained and discolored on verso; binding discolored and torn.",1740,reformatted digital,"1 sheet of red, blue, yellow and cream paste paper; 18.00 x 13.75 in.",StillImage,Paper,"No copyright - United States; For more information, see:  http://rightsstatements.org/vocab/NoC-US/1.0/",Decorative paper,Berger-Cloonan #12381,https://api.library.tamu.edu/fcrepo/rest/3b/6f/c3/25/3b6fc325-f6ca-41d8-b91e-8c5db3be8c13/berger_cloonan_batch_3_objects/52/pages/page_0/files/12381.jpg,,
"['Non pareil marbled papers', 'art reproduction']",10297,Openly accessible,2021-06-16T14:15:52.461000+00:00,Texas A & M University. Libraries,Surface application; Marbled; P1.D4.F3; Half bound with marbled paste-down; Section(s) from the Decorated and Decorative Paper Terms Thesaurus: VIII.F.1.e; Not signed. Not stamped.; Cover cracked and paste-down creased; abraded; edges scuffed; discolored; fragile,19th century [?],reformatted digital,"1 dark red, blue, yellow and white marbled paper and brown leather bookcover; 5.50 x 8.75 in.",StillImage,"['Paper', 'Leather']","No copyright - United States; For more information, see:  http://rightsstatements.org/vocab/NoC-US/1.0/",Marbled papers,Berger-Cloonan #10297,https://api.library.tamu.edu/fcrepo/rest/3b/6f/c3/25/3b6fc325-f6ca-41d8-b91e-8c5db3be8c13/berger_cloonan_batch_3_objects/18/pages/page_0/files/10297.jpg,,P1.D4.F3.A
"['Non-patterned Paste papers', 'art reproduction']",12404,Openly accessible,2021-06-16T14:27:31.456000+00:00,Texas A & M University. Libraries,Surface application; Paste; P4.D6.F7; Section(s) from the Decorated and Decorative Paper Terms Thesaurus: VIII.G.2; Not signed. Not stamped. Not stickered. Not embossed.; Torn; creased; wrinkled; folded; small holes; worn areas on recto; ink stains on verso,Circa 1740,reformatted digital,1 sheet of green and white paste paper; 14.00 x 18.25 in.,StillImage,Paper,"No copyright - United States; For more information, see:  http://rightsstatements.org/vocab/NoC-US/1.0/",Decorative paper,Berger-Cloonan #12404,https://api.library.tamu.edu/fcrepo/rest/3b/6f/c3/25/3b6fc325-f6ca-41d8-b91e-8c5db3be8c13/berger_cloonan_batch_3_objects/69/pages/page_0/files/12404.jpg,,
"['combed marbled papers', 'art reproduction']",10296,Openly accessible,2021-06-16T14:15:38.849000+00:00,Texas A & M University. Libraries,Surface application; Marbled; P1.D4.F3; Leather one side and marbled paper on the other; gold design on edges; Section(s) from the Decorated and Decorative Paper Terms Thesaurus: VIII.F.1; Not signed. Not stamped.; Discolored; edges scuffed; fragile,19th century [?],reformatted digital,"1 dark red, pink, blue, white and gold marbled paper and brown tooled leather bookcover; 4.75 x 7.25 in.",StillImage,"['Paper', 'Leather']","No copyright - United States; For more information, see:  http://rightsstatements.org/vocab/NoC-US/1.0/",Marbled papers,Berger-Cloonan #10296,https://api.library.tamu.edu/fcrepo/rest/3b/6f/c3/25/3b6fc325-f6ca-41d8-b91e-8c5db3be8c13/berger_cloonan_batch_3_objects/17/pages/page_0/files/10296.jpg,,P1.D4.F3.A
"['Non-patterned Paste papers', 'Laid lines', 'art reproduction']",12403,Openly accessible,2021-06-16T14:27:17.866000+00:00,Texas A & M University. Libraries,Distribution of fibers; Surface application; Laid; Paste; P4.D6.F7; Laid paper; Section(s) from the Decorated and Decorative Paper Terms Thesaurus: II.E; VIII.G.2; Not signed. Not stamped. Not stickered. Not embossed.; Creased; wrinkled; folded; small holes; stained on recto; spot stains on verso,Circa 1740,reformatted digital,1 sheet of red and cream paste paper; 13.75 x 18.00 in.,StillImage,Paper,"No copyright - United States; For more information, see:  http://rightsstatements.org/vocab/NoC-US/1.0/",Decorative paper,Berger-Cloonan #12403,https://api.library.tamu.edu/fcrepo/rest/3b/6f/c3/25/3b6fc325-f6ca-41d8-b91e-8c5db3be8c13/berger_cloonan_batch_3_objects/68/pages/page_0/files/12403.jpg,,
"['art reproduction', 'Non-patterned Paste papers']",12399,Openly accessible,2021-06-16T14:26:23.453000+00:00,Texas A & M University. Libraries,Distribution of fibers; Surface application; Laid; Paste; P4.D6.F7; Laid paper; See Haemmerle p. 123; Section(s) from the Decorated and Decorative Paper Terms Thesaurus: II.E; VIII.G.2; Not signed. Not stamped. Not stickered. Not embossed.; Creased; folded; small holes; stained on recto; 2 pieces joined on verso; ink on verso,Circa 1740,reformatted digital,1 sheet of dark blue and cream paste paper; 14.50 x 22.00 in.,StillImage,Paper,"No copyright - United States; For more information, see:  http://rightsstatements.org/vocab/NoC-US/1.0/",Decorative paper,Berger-Cloonan #12399,https://api.library.tamu.edu/fcrepo/rest/3b/6f/c3/25/3b6fc325-f6ca-41d8-b91e-8c5db3be8c13/berger_cloonan_batch_3_objects/64/pages/page_0/files/12399.jpg,,
"['Block-printed papers', 'Deckled edges', 'Laid lines', 'art reproduction']",12396,Openly accessible,2021-06-16T14:25:42.614000+00:00,Texas A & M University. Libraries,"Distribution of fibers; Surface application; Deckled; Laid; Printed; P4.D6.F7; Overall geometric pattern with diamond and circle designs; 3 blue borders; varnished finish on recto; laid paper; deckled; inscription on piece: ""Kattunpapier, um 1840 s Hammerle Ex. Slg. Hammerle""; Contained in small folder created by folded sheet of white paper; [written in pencil on recto of folded sheet]: ""Kattundruck von Hand grostencils aus seg Haemmerle""; Section(s) from the Decorated and Decorative Paper Terms Thesaurus: II.C; II.E; VIII.H.1; Not signed. Not stamped. Not stickered. Not embossed.; Torn; center fold line; ink on verso",Circa 1840,reformatted digital,"1 sheet of blue, black, bronze, white and cream block-printed paper; 14.25 x 17.50 in.",StillImage,Paper,"No copyright - United States; For more information, see:  http://rightsstatements.org/vocab/NoC-US/1.0/",Decorative paper,Berger-Cloonan #12396,https://api.library.tamu.edu/fcrepo/rest/3b/6f/c3/25/3b6fc325-f6ca-41d8-b91e-8c5db3be8c13/berger_cloonan_batch_3_objects/61/pages/page_0/files/12396.jpg,,
"['art reproduction', 'Printed papers']",12378,Openly accessible,2021-06-16T14:22:56.256000+00:00,Texas A & M University. Libraries,"Surface application; Printed; P4.D6.F7; Series of 26 images of figures posed to depict an alphabet  No 13.""; hand colored print on light weight wove paper; Inscription on original piece: ""V Stadem Amsterdam +/- 1860""; [written in pencil on verso]: ""1294 MB""; Contained in a white folder marked in pencil: ""18th century Printed etc.""; ; Sidney E. Berger and Michele V. Cloonan purchased the sheet.; Section(s) from the Decorated and Decorative Paper Terms Thesaurus: VIII.H; Not signed. Not stamped. Not stickered. Not embossed.; Folded and creased; wrinkled overall; backed with thin sheet of paper; edge tears; repair tape on verso",Circa 1860,reformatted digital,"1 sheet of black, blue, purple, yellow and cream printed paper; 15.50 x 12.00 in.","['StillImage', 'Text']",Paper,"No copyright - United States; For more information, see:  http://rightsstatements.org/vocab/NoC-US/1.0/",Decorative paper,Berger-Cloonan #12378,https://api.library.tamu.edu/fcrepo/rest/3b/6f/c3/25/3b6fc325-f6ca-41d8-b91e-8c5db3be8c13/berger_cloonan_batch_3_objects/49/pages/page_0/files/12378.jpg,Netherlands--Amsterdam,
"['Non pareil marbled papers', 'art reproduction', 'nonpareil marbled paper', 'endpapers']",10300,Openly accessible,2021-06-16T14:16:33.315000+00:00,Texas A & M University. Libraries,Surface application; Marbled; P1.D4.F3; Previously used as an endpaper in a bookbinding; Section(s) from the Decorated and Decorative Paper Terms Thesaurus: VIII.F.1.e; Not signed. Not stamped.; Curled; fragile,19th century [?],reformatted digital,"1 sheet of dark red, light blue, green, pink and white marbled paper; 8.50 x 11.25 in.",StillImage,Paper,"No copyright - United States; For more information, see:  http://rightsstatements.org/vocab/NoC-US/1.0/",Marbled papers,Berger-Cloonan #10300,https://api.library.tamu.edu/fcrepo/rest/3b/6f/c3/25/3b6fc325-f6ca-41d8-b91e-8c5db3be8c13/berger_cloonan_batch_3_objects/21/pages/page_0/files/10300.jpg,,P1.D4.F3.A
"['Gold gilt papers', 'Laid lines', 'art reproduction']","['12312', '5428']",Openly accessible,2021-06-16T14:20:25.766000+00:00,Texas A & M University. Libraries,"Distribution of fibers; Surface application; Laid; Printed; P4.D6.F2; Overall pattern of diamond and oval design; gold over carmine paste; laid paper; Sidney E. Berger and Michele V. Cloonan purchased the sheet from Bassenge Kunst und Buchauktion (Auction 98, Lot #5428) in 12/2011; Section(s) from the Decorated and Decorative Paper Terms Thesaurus: II.E; VIII.H.1.d.1; Not signed. Not stamped.",Circa 1790 [?],reformatted digital,"1 sheet of red, gold and off-white Dutch gilt paper; 14.50 x 17.75 in.",StillImage,Paper,"No copyright - United States; For more information, see:  http://rightsstatements.org/vocab/NoC-US/1.0/",Decorative paper,Berger-Cloonan #12312,https://api.library.tamu.edu/fcrepo/rest/3b/6f/c3/25/3b6fc325-f6ca-41d8-b91e-8c5db3be8c13/berger_cloonan_batch_3_objects/38/pages/page_0/files/12312.jpg,,
"['endpapers', 'art reproduction', 'Zebra marbled papers']",10299,Openly accessible,2021-06-16T14:16:19.656000+00:00,Texas A & M University. Libraries,Surface application; Marbled; P1.D4.F3; Previously used as an endpaper in a bookbinding; Section(s) from the Decorated and Decorative Paper Terms Thesaurus: VIII.F.1.i; Not signed. Not stamped.; Discolored; curling; edges chipped and torn; fragile,19th century [?],reformatted digital,"1 sheet of dark red, blue, yellow and white marbled paper; 6.25 x 10.00 in.",StillImage,Paper,"No copyright - United States; For more information, see:  http://rightsstatements.org/vocab/NoC-US/1.0/",Marbled papers,Berger-Cloonan #10299,https://api.library.tamu.edu/fcrepo/rest/3b/6f/c3/25/3b6fc325-f6ca-41d8-b91e-8c5db3be8c13/berger_cloonan_batch_3_objects/20/pages/page_0/files/10299.jpg,,P1.D4.F3.A
"['Deckled edges', 'Laid lines', 'art reproduction', 'Block-printed papers']",12391,Openly accessible,2021-06-16T14:25:28.917000+00:00,Texas A & M University. Libraries,"Distribution of fibers; Surface application; Deckled; Laid; Printed; P4.D6.F7; Overall lace-like pattern with repeating rows of design; 3 blue borders; laid paper; deckled; highly varnished finish on recto; inscription on piece: ""kattunpapier Werkdeutsche um 1770s, Hammerle Abb. 129ex Slg Hammerle""; Contained in small folder created by folded sheet of white paper, [written in pencil on recto of folded sheet] ""Kattundruck von Hand grostencils aus seg Haemmerle""; Section(s) from the Decorated and Decorative Paper Terms Thesaurus: II.C; II.E; VIII.H.1; Not signed. Not stamped. Not stickered. Not embossed.; Creased; fold line at center; ink on verso",Circa 1770,reformatted digital,"1 sheet of blue, white, black and cream block-printed paper; 13.50 x 18.00 in.",StillImage,Paper,"No copyright - United States; For more information, see:  http://rightsstatements.org/vocab/NoC-US/1.0/",Decorative paper,Berger-Cloonan #12391,https://api.library.tamu.edu/fcrepo/rest/3b/6f/c3/25/3b6fc325-f6ca-41d8-b91e-8c5db3be8c13/berger_cloonan_batch_3_objects/60/pages/page_0/files/12391.jpg,,
"['Block-printed papers', 'art reproduction']",12421,Openly accessible,2021-06-16T14:31:18.723000+00:00,Texas A & M University. Libraries,"Surface application; Printed; P4.D6.F7; Ream wrapper printed in red and gold inks for English letter paper; inscription on piece: ""1530 - P SAB 886 95.-"" [written in black in on verso]:""Gazette de Leyde 1788 bufbr. suppl. 11. 42 m. 5. 44/46 m. G. 40 m. G.""; [written in pencil on verso]: ""g5 - 104""; Sidney E. Berger and Michele V. Cloonan purchased the sheet.; Section(s) from the Decorated and Decorative Paper Terms Thesaurus: VIII.H.1; Not signed. Not stamped. Not stickered. Not embossed.; Creased; wrinkled; torn; stained and discolored on recto and verso; adhesive remnants on recto and verso",Circa 1850,reformatted digital,"1 sheet of red, gold and tan block-printed paper; 17.25 x 23.50 in.","['Text', 'StillImage']",Paper,"No copyright - United States; For more information, see:  http://rightsstatements.org/vocab/NoC-US/1.0/",Decorative paper,Berger-Cloonan #12421,https://api.library.tamu.edu/fcrepo/rest/3b/6f/c3/25/3b6fc325-f6ca-41d8-b91e-8c5db3be8c13/berger_cloonan_batch_3_objects/85/pages/page_0/files/12421.jpg,England,
"['Gold gilt papers', 'Laid lines', 'art reproduction']","['12308', '5426']",Openly accessible,2021-06-16T14:19:30.799000+00:00,Texas A & M University. Libraries,"Distribution of fibers; Surface application; Laid; Printed; P4.D6.F2; Overall pattern of 6 rows of workers and their professions; gold over brown paste; laid paper; Contained in BASSENGE folder; Not in Haemmerle?; Sidney E. Berger and Michele V. Cloonan purchased the sheet from Bassenge Kunst und Buchauktion (Auction 98, Lot #5426) in 08/2011.; Section(s) from the Decorated and Decorative Paper Terms Thesaurus: II.E; VIII.H.1.d.1; Not signed. Not stamped.; Side tear",Circa 1750,reformatted digital,"1 sheet of brown, gold and off-white Dutch gilt paper; 13.25 x 15.50 in.",StillImage,Paper,"No copyright - United States; For more information, see:  http://rightsstatements.org/vocab/NoC-US/1.0/",Decorative paper,Berger-Cloonan #12308,https://api.library.tamu.edu/fcrepo/rest/3b/6f/c3/25/3b6fc325-f6ca-41d8-b91e-8c5db3be8c13/berger_cloonan_batch_3_objects/34/pages/page_0/files/12308.jpg,,
"['Gold gilt papers', 'art reproduction']","['5407', '12307']",Openly accessible,2021-06-16T14:19:17.078000+00:00,Texas A & M University. Libraries,"Distribution of fibers; Surface application; Laid; Printed; P4.D6.F2; Overall pattern of birds, dogs, men, etc. in overlapping circles; gold over white background; laid paper; stamped in block on recto: ""JOHANN MICHAEL MUNCK AUGSPURG No 10""; Contained in BASSENGE folder; See Haemmerle #238; Sidney E. Berger and Michele V. Cloonan purchased the sheet from Bassenge Kunst und Buchauktion (Auction 97, Lot #5407) in 08/2011.; Section(s) from the Decorated and Decorative Paper Terms Thesaurus: II.E; VIII.H.1.d.1; Not signed. Stamped; Small tear at top with small loss of paper",1735,reformatted digital,1 sheet of gold and off-white Dutch gilt paper; 13.75 x 17.25 in.,StillImage,Paper,"No copyright - United States; For more information, see:  http://rightsstatements.org/vocab/NoC-US/1.0/",Decorative paper,Berger-Cloonan #12307,https://api.library.tamu.edu/fcrepo/rest/3b/6f/c3/25/3b6fc325-f6ca-41d8-b91e-8c5db3be8c13/berger_cloonan_batch_3_objects/33/pages/page_0/files/12307.jpg,Germany--Augsburg,
"['Laid lines', 'art reproduction', 'Dribbled paste papers']",12408,Openly accessible,2021-06-16T14:28:33.226000+00:00,Texas A & M University. Libraries,"Distribution of fibers; Surface application; Laid; Paste; P4.D6.F7; Hernhuter (monastery near Leipzig)paper used as book cover with plain green paper backing; speckled or dribbled design; laid paper; inscription on piece: ""Register for Sterbe Achten for Grammar Heilingenmoschel lire 1821"" [line design]; [written in red pencil on ecto of white scalloped label affixed to recto]: ""Heilingenmoschel""; Barry McKay donated the sheet to Sidney E. Berger and Michele V. Cloonan circa 2002.; Section(s) from the Decorated and Decorative Paper Terms Thesaurus: II.E; VIII.G.2.b; Not signed. Not stamped. Stickered. Not embossed.; Discolored and worn where creased for binding; slightly worn corner; 2 pieces joined; green backing paper stained, discolored and wrinkled",Mid 18th century,reformatted digital,"1 book cover (3 images, front, inside view, back); green and white paste paper; 13.75 x 19.75 in.",StillImage,Paper,"No copyright - United States; For more information, see:  http://rightsstatements.org/vocab/NoC-US/1.0/",Decorative paper,Berger-Cloonan #12408,https://api.library.tamu.edu/fcrepo/rest/3b/6f/c3/25/3b6fc325-f6ca-41d8-b91e-8c5db3be8c13/berger_cloonan_batch_3_objects/73/pages/page_0/files/12408a.jpg|https://api.library.tamu.edu/fcrepo/rest/3b/6f/c3/25/3b6fc325-f6ca-41d8-b91e-8c5db3be8c13/berger_cloonan_batch_3_objects/73/pages/page_1/files/12408b.jpg|https://api.library.tamu.edu/fcrepo/rest/3b/6f/c3/25/3b6fc325-f6ca-41d8-b91e-8c5db3be8c13/berger_cloonan_batch_3_objects/73/pages/page_2/files/12408c.jpg,Germany,
"['art reproduction', 'marbled paper', 'Random marbled papers']",7011,Openly accessible,2021-06-16T14:12:55.534000+00:00,Texas A & M University. Libraries,"Surface application; Marbled; M5.D5.F16; Previously used as an endpaper in a bookbinding; inscription on piece: ""DISCHARGE BOOK. Master of the Institution at  No, in List, Form 15A. Shaw & Sons Ltd., Fetter Lane, E.C.4 Q76  S1267 (B)Day of the Week. Last Meal before Discharge. NAME. DISCHARGED. MEN. WOMEN. CHILDREN UNDER 16. Sick Ward  Other Wards [repeated for each category) CLASS FOR DIET. MEN. WOMEN. 1 1a 2 2a 2b   3 3a 4 4a  4b 5 CHILDREN. 3 to 8  8 to 16  Under 3 5 6 7 M  F  M  F M  F Sick Observations.""; Ledger on verso; The sheet is from the Bernard Middleton Collection. Bernard Middleton donated this sheet to Sidney E. Berger and Michele V. Cloonan circa 1990.; Section(s) from the Decorated and Decorative Paper Terms Thesaurus: VIII.F.4; Not signed. Not stamped.; Creased and torn corners; black stain on recto; slight yellowing on verso.",19th century,reformatted digital,"1 sheet of light brown, cream and white marbled paper; 11.00 x 13.00 in.",StillImage,Paper,"No copyright - United States; For more information, see:  http://rightsstatements.org/vocab/NoC-US/1.0/",Marbled papers,Berger-Cloonan #7011,https://api.library.tamu.edu/fcrepo/rest/3b/6f/c3/25/3b6fc325-f6ca-41d8-b91e-8c5db3be8c13/berger_cloonan_batch_3_objects/4/pages/page_0/files/07011.jpg,,
"['Laid lines', 'art reproduction', 'Block-printed papers', 'Deckled edges']",12389,Openly accessible,2021-06-16T14:25:01.557000+00:00,Texas A & M University. Libraries,"Distribution of fibers; Surface application; Deckled; Laid; Printed; P4.D6.F7; Overall mid-size floral pattern with 4 cream borders; laid paper; deckled; inscription on piece: ""kattunpapier deutsche, um 1760 s Hammerle, Abb. 132 ex Slg Hammerle 9u""; Contained in small folder created by folded sheet of white paper; [written in pencil on recto of folded sheet]: ""Kattundruck von Hand grostencils aus seg Haemmerle""; Section(s) from the Decorated and Decorative Paper Terms Thesaurus: II.C; II.E; VIII.H.1; Not signed. Not stamped. Not stickered. Not embossed.; Hole; ink on verso",Circa 1760,reformatted digital,"1 sheet of black, purple, red, yellow and cream block-printed paper; 14.75 x 17.75 in.",StillImage,Paper,"No copyright - United States; For more information, see:  http://rightsstatements.org/vocab/NoC-US/1.0/",Decorative paper,Berger-Cloonan #12389,https://api.library.tamu.edu/fcrepo/rest/3b/6f/c3/25/3b6fc325-f6ca-41d8-b91e-8c5db3be8c13/berger_cloonan_batch_3_objects/58/pages/page_0/files/12389.jpg,,
"['Deckled edges', 'Watermarks', 'Laid lines']",12375,Openly accessible,2021-06-16T14:22:28.995000+00:00,Texas A & M University. Libraries,"Distribution of fibers; Deckled; Laid; Watermarked; P4.D6.F7; Laid paper; 2 watermarks include a sun with rays and the letter ""R"" below and the letters ""R"" and ""G"" superimposed with the ""R"" on top; deckled; NOTIFICATZIONE printed in Italian in black ink on recto 1733; inscription on piece: ""A 110""; [written in pencil on verso]: ""5000""; Photograph taken with the aid of a light table. The false image color more accurately captures the details of the laid paper and associated watermark(s).; Sidney E. Berger and Michele V. Cloonan purchased the sheet.; Section(s) from the Decorated and Decorative Paper Terms Thesaurus: II.C; II.E; II.H; Not signed. Not stamped. Not stickered. Not embossed.; Folded; creased; slightly discolored; spotted appearance on verso; stored in white folder",Circa 1733,reformatted digital,1 sheet of black and tan laid watermarked paper; 12.50 x 17.00 in.,"['StillImage', 'Text']",Paper,"No copyright - United States; For more information, see:  http://rightsstatements.org/vocab/NoC-US/1.0/",Decorative paper,Berger-Cloonan #12375,https://api.library.tamu.edu/fcrepo/rest/3b/6f/c3/25/3b6fc325-f6ca-41d8-b91e-8c5db3be8c13/berger_cloonan_batch_3_objects/47/pages/page_0/files/12375.jpg,,
"['art reproduction', 'Block-printed papers']",12386,Openly accessible,2021-06-16T14:24:47.909000+00:00,Texas A & M University. Libraries,"Surface application; Printed; P4.D6.F7; Wove paper; series of boxes with letters of the alphabet; possibly a child's game; great registration; thin paper; inscription on piece: ""L.A. Book Fair 2/14/98""; Contained in a white folder marked in pencil: ""18th century Printed etc.""; Section(s) from the Decorated and Decorative Paper Terms Thesaurus: VIII.H.1; Not signed. Not stamped. Not stickered. Not embossed.; Torn; creased; ink on verso",Early 19th century,reformatted digital,"1 sheet of dark blue, gold and cream block-printed paper; 19.50 x 12.75 in.","['Text', 'StillImage']",Paper,"No copyright - United States; For more information, see:  http://rightsstatements.org/vocab/NoC-US/1.0/",Decorative paper,Berger-Cloonan #12386,https://api.library.tamu.edu/fcrepo/rest/3b/6f/c3/25/3b6fc325-f6ca-41d8-b91e-8c5db3be8c13/berger_cloonan_batch_3_objects/57/pages/page_0/files/12386.jpg,,
"['Deckled edges', 'Watermarks', 'Laid lines']",12374,Openly accessible,2021-06-16T14:22:15.394000+00:00,Texas A & M University. Libraries,"Distribution of fibers; Deckled; Laid; Watermarked; P4.D6.F7; Laid paper; 2 watermarks include a crown with fleur de lys and 3 circles with a lion filigreed inside 1; deckled; BANDO printed in Italian in black ink on recto 1709; inscription on piece: ""1709 Iverris G Ivano A: ss""; [written in pencil on verso]: ""5000""; Photograph taken with the aid of a light table. The false image color more accurately captures the details of the laid paper and associated watermark(s).; Sidney E. Berger and Michele V. Cloonan purchased the sheet.; Section(s) from the Decorated and Decorative Paper Terms Thesaurus: II.C; II.E; II.H; Not signed. Not stamped. Not stickered. Not embossed.; Folded; creased; discolored along edges; stored in white folder",Circa 1709,reformatted digital,1 sheet of black and cream laid watermarked paper; 12.50 x 17.50 in.,"['StillImage', 'Text']",Paper,"No copyright - United States; For more information, see:  http://rightsstatements.org/vocab/NoC-US/1.0/",Decorative paper,Berger-Cloonan #12374,https://api.library.tamu.edu/fcrepo/rest/3b/6f/c3/25/3b6fc325-f6ca-41d8-b91e-8c5db3be8c13/berger_cloonan_batch_3_objects/46/pages/page_0/files/12374.jpg,,
"['Zebra marbled papers', 'endpapers', 'art reproduction']",10298,Openly accessible,2021-06-16T14:16:06.027000+00:00,Texas A & M University. Libraries,Surface application; Marbled; P1.D4.F3; Previously used as an endpaper in a bookbinding; Section(s) from the Decorated and Decorative Paper Terms Thesaurus: VIII.F.1.i; Not signed. Not stamped.; Discolored; curling; edges chipped; fragile,19th century [?],reformatted digital,"1 sheet of dark red, blue, yellow and white marbled paper; 6.25 x 10.00 in.",StillImage,Paper,"No copyright - United States; For more information, see:  http://rightsstatements.org/vocab/NoC-US/1.0/",Marbled papers,Berger-Cloonan #10298,https://api.library.tamu.edu/fcrepo/rest/3b/6f/c3/25/3b6fc325-f6ca-41d8-b91e-8c5db3be8c13/berger_cloonan_batch_3_objects/19/pages/page_0/files/10298.jpg,,P1.D4.F3.A
"['art reproduction', 'Gold gilt papers', 'Laid lines']","['5437', '12316']",Openly accessible,2021-06-16T14:21:06.950000+00:00,Texas A & M University. Libraries,"Surface application; Printed; P4.D6.F2; Overall pattern of floral design; gold over carmine paste; backed; [stamped in black ink in block on recto]: ""AUGSPURG BEY [JOH];ANN MICHAEL MUNCK NO 3""; Part of book cover ; See Haemmerle #234; Sidney E. Berger and Michele V. Cloonan purchased the sheet from Bassenge Kunst und Buchauktion (Auction 98, Lot #5437) in 12/2011.; Section(s) from the Decorated and Decorative Paper Terms Thesaurus: VIII.H.1.d.1; Not signed. Stamped. Not stickered. Not embossed.; Stained",1730,reformatted digital,"1 sheet of red, gold and off-white Dutch gilt paper; 6.25 x 13.00 in.",StillImage,Paper,"No copyright - United States; For more information, see:  http://rightsstatements.org/vocab/NoC-US/1.0/",Decorative paper,Berger-Cloonan #12316,https://api.library.tamu.edu/fcrepo/rest/3b/6f/c3/25/3b6fc325-f6ca-41d8-b91e-8c5db3be8c13/berger_cloonan_batch_3_objects/41/pages/page_0/files/12316.jpg,Germany--Augsburg,
"['Gold gilt papers', 'Laid lines', 'art reproduction']","['127', '12416']",Openly accessible,2021-06-16T14:30:23.007000+00:00,Texas A & M University. Libraries,"Surface application; Printed; P4.D6.F7; Ream wrapper L.V.G. (LUBBERTUS VAN GERREVINK); design shows Lion of Holland with sword and 7 arrows, with scroll border; remnant of blue and white thread; Inscription on original piece: “#127 HNY10 ______ 6500""; [printed in red ink on recto]: “FYN PAPIER L. V. G.""; Contained in hinged cream mat with window cut out for viewing; heavy piece of clear plastic overlays ream wrapper for protection; Section(s) from the Decorated and Decorative Paper Terms Thesaurus: VIII.H.1; Not signed. Not stamped. Not stickered. Not embossed.; Upper right corner missing; water stains; stained and soiled; discolored; small edge tears",Circa 1770 [?],reformatted digital,1 sheet of red and tan block-printed paper; 16.50 x 13.00 in.,StillImage,Paper,"No copyright - United States; For more information, see:  http://rightsstatements.org/vocab/NoC-US/1.0/",Decorative paper,Berger-Cloonan #12416,https://api.library.tamu.edu/fcrepo/rest/3b/6f/c3/25/3b6fc325-f6ca-41d8-b91e-8c5db3be8c13/berger_cloonan_batch_3_objects/81/pages/page_0/files/12416.jpg,,
"['Printed papers', 'art reproduction', 'endpapers']",9243,Openly accessible,2021-06-16T14:13:36.532000+00:00,Texas A & M University. Libraries,"Surface application; Printed; P1.D3.F8; Ridged, semi-glossy surface on recto; two rounded corners; Previously used as an endpaper in a bookbinding; inscription on piece: ""OUP. UK 1909"";""Gift from Barry McKay 6/12""; Barry McKay donated the sheet to Sidney E. Berger and Michele V. Cloonan in 06/2012.; Section(s) from the Decorated and Decorative Paper Terms Thesaurus: VIII.H; Not signed. Not stamped.; Yellowed edges on verso; small edge tears on recto",1909,reformatted digital,"1 sheet of green, blue and white printed paper; 4.50 x 7.00 in.",StillImage,Paper,"No copyright - United States; For more information, see:  http://rightsstatements.org/vocab/NoC-US/1.0/",Decorative paper,Berger-Cloonan #9243,https://api.library.tamu.edu/fcrepo/rest/3b/6f/c3/25/3b6fc325-f6ca-41d8-b91e-8c5db3be8c13/berger_cloonan_batch_3_objects/7/pages/page_0/files/09243.jpg,,
"['art reproduction', 'Block-printed papers']",11773,Openly accessible,2021-06-16T14:17:27.756000+00:00,Texas A & M University. Libraries,"Surface application; Printed; P2.D2.F7; Looping floral pattern with thin green line framing design; affixed at one edge to a plain sheet of brown paper; [written in pencil on verso of brown sheet]: ""ENGLISH GRESHAM 1920""; Contained in an open clear plastic sleeve; Section(s) from the Decorated and Decorative Paper Terms Thesaurus: VIII.H.1; Not signed. Not stamped.; Small edge tears along one side of decorated sheet.",1920,reformatted digital,"1 sheet of green, purple and cream printed paper; 4.00 x 6.00 in.",StillImage,Paper,"No copyright - United States; For more information, see:  http://rightsstatements.org/vocab/NoC-US/1.0/","['Decorative paper', 'Block printing']",Berger-Cloonan #11773,https://api.library.tamu.edu/fcrepo/rest/3b/6f/c3/25/3b6fc325-f6ca-41d8-b91e-8c5db3be8c13/berger_cloonan_batch_3_objects/25/pages/page_0/files/11773.jpg,,P2.D2.F7.A
"['Printed papers', 'endpapers', 'art reproduction']",7013,Openly accessible,2021-06-16T14:13:22.946000+00:00,Texas A & M University. Libraries,Surface application; Printed; M5.D5.F16; Previously used as an endpaper in a bookbinding; vine design; semi-glossy finish; The sheet is from the Bernard Middleton Collection. Bernard Middleton donated this sheet to Sidney E. Berger and Michele V. Cloonan circa 1990.; Section(s) from the Decorated and Decorative Paper Terms Thesaurus: VIII.H; Not signed. Not stamped.; Faded areas on recto; creased and torn corners and edges; slight yellowing on verso.,19th century,reformatted digital,"1 sheet of brown, yellow, black and white printed paper; 9.50 x 12.25 in.",StillImage,Paper,"No copyright - United States; For more information, see:  http://rightsstatements.org/vocab/NoC-US/1.0/",Decorative paper,Berger-Cloonan #7013,https://api.library.tamu.edu/fcrepo/rest/3b/6f/c3/25/3b6fc325-f6ca-41d8-b91e-8c5db3be8c13/berger_cloonan_batch_3_objects/6/pages/page_0/files/07013.jpg,,
"['art reproduction', 'Watermarks', 'Non-patterned Paste papers', 'Laid lines']",12400,Openly accessible,2021-06-16T14:26:37.051000+00:00,Texas A & M University. Libraries,Distribution of fibers; Surface application; Laid; Watermarked; Paste; P4.D6.F7; Laid paper; watermark with alphabet letters that cannot be read; See Haemmerle p. 123; Section(s) from the Decorated and Decorative Paper Terms Thesaurus: II.E; II.H; VIII.G.2; Not signed. Not stamped. Not stickered. Not embossed.; Creased; folded; small hole; stained on recto; 2 pieces joined on verso; ink on verso,Circa 1740,reformatted digital,1 sheet of brown and cream paste paper; 14.50 x 20.75 in.,StillImage,Paper,"No copyright - United States; For more information, see:  http://rightsstatements.org/vocab/NoC-US/1.0/",Decorative paper,Berger-Cloonan #12400,https://api.library.tamu.edu/fcrepo/rest/3b/6f/c3/25/3b6fc325-f6ca-41d8-b91e-8c5db3be8c13/berger_cloonan_batch_3_objects/65/pages/page_0/files/12400.jpg,,
"['Dutch gilt papers', 'Laid lines', 'art reproduction']","['12311', '5428']",Openly accessible,2021-06-16T14:20:12.029000+00:00,Texas A & M University. Libraries,"Distribution of fibers; Surface application; Laid; Printed; P4.D6.F2; Overall pattern of floral design; gold over carmine paste; laid paper; Contained in BASSENGE folder; Not in Haemmerle?; Sidney E. Berger and Michele V. Cloonan purchased the sheet from Bassenge Kunst und Buchauktion (Auction 98, Lot #5428) in 12/2011; Section(s) from the Decorated and Decorative Paper Terms Thesaurus: II.E; VIII.H.1.d.1; Not signed. Not stamped.",Circa 1790 [?],reformatted digital,"1 sheet of red, gold and off-white Dutch gilt paper; 13.25 x 16.50 in.",StillImage,Paper,"No copyright - United States; For more information, see:  http://rightsstatements.org/vocab/NoC-US/1.0/",Decorative paper,Berger-Cloonan #12311,https://api.library.tamu.edu/fcrepo/rest/3b/6f/c3/25/3b6fc325-f6ca-41d8-b91e-8c5db3be8c13/berger_cloonan_batch_3_objects/37/pages/page_0/files/12311.jpg,,
Laid lines,12379,Openly accessible,2021-06-16T14:23:12.324000+00:00,Texas A & M University. Libraries,"Distribution of fibers; Laid; P4.D6.F7; Laid paper printed with black ink on recto and verso; September 10, 1736 edition of The Virginia Gazette Numb. 6.; Photograph taken with the aid of a light table. The false image color more accurately captures the details of the laid paper.; Sidney E. Berger and Michele V. Cloonan purchased the sheet.; Section(s) from the Decorated and Decorative Paper Terms Thesaurus: II.E; Not signed. Not stamped. Not stickered. Not embossed.; Creased; folded in half; 2 holes punched at center fold (for binder?); stored in white folder",1736,reformatted digital,4 pages of black and white laid paper; 17.00 x 14.50 in.,"['Text', 'StillImage']",Paper,"No copyright - United States; For more information, see:  http://rightsstatements.org/vocab/NoC-US/1.0/",Decorative paper,Berger-Cloonan #12379,https://api.library.tamu.edu/fcrepo/rest/3b/6f/c3/25/3b6fc325-f6ca-41d8-b91e-8c5db3be8c13/berger_cloonan_batch_3_objects/50/pages/page_0/files/12379a.jpg|https://api.library.tamu.edu/fcrepo/rest/3b/6f/c3/25/3b6fc325-f6ca-41d8-b91e-8c5db3be8c13/berger_cloonan_batch_3_objects/50/pages/page_1/files/12379b.jpg|https://api.library.tamu.edu/fcrepo/rest/3b/6f/c3/25/3b6fc325-f6ca-41d8-b91e-8c5db3be8c13/berger_cloonan_batch_3_objects/50/pages/page_2/files/12379c.jpg,Virginia,
art reproduction,10290,Openly accessible,2021-06-16T14:12:13.032000+00:00,Texas A & M University. Libraries,P1.D4.F3; Tooled rectangle with flowers at each corner; paste-down is sheet printed with Latin text; Section(s) from the Decorated and Decorative Paper Terms Thesaurus: [?]; Not signed. Not stamped.; Scratched and abraded; edges scuffed; discolored; fragile,19th century [?],reformatted digital,1 brown tooled leather bookcover;  4.50 x 7.25 in.,StillImage,"['Leather', 'Paper']","No copyright - United States; For more information, see:  http://rightsstatements.org/vocab/NoC-US/1.0/",Decorative paper,Berger-Cloonan #10290,https://api.library.tamu.edu/fcrepo/rest/3b/6f/c3/25/3b6fc325-f6ca-41d8-b91e-8c5db3be8c13/berger_cloonan_batch_3_objects/10/pages/page_0/files/10290.jpg,,P1.D4.F3.A
"['art reproduction', 'Block-printed papers']",11783,Openly accessible,2021-06-16T14:17:55.207000+00:00,Texas A & M University. Libraries,"Surface application; Printed; P2.D2.F7; Repeating pairs of delicate floral designs; semi-glossy finish; [written in pencil on verso]: ""Bell, York Library 1906""; Contained in an open clear plastic sleeve; Section(s) from the Decorated and Decorative Paper Terms Thesaurus: VIII.H.1; Not signed. Not stamped.; Wrinkled; curled binding edge; discolored edges on recto and verso; stained on verso",1906 [?],reformatted digital,1 sheet of green and cream printed paper; 4.00 x 6.50 in.,StillImage,Paper,"No copyright - United States; For more information, see:  http://rightsstatements.org/vocab/NoC-US/1.0/","['Decorative paper', 'Block printing']",Berger-Cloonan #11783,https://api.library.tamu.edu/fcrepo/rest/3b/6f/c3/25/3b6fc325-f6ca-41d8-b91e-8c5db3be8c13/berger_cloonan_batch_3_objects/27/pages/page_0/files/11783.jpg,,P2.D2.F7.A
"['Laid lines', 'Block-printed papers', 'art reproduction']",12413,Openly accessible,2021-06-16T14:29:41.435000+00:00,Texas A & M University. Libraries,"Distribution of fibers; Surface application; Laid; Printed; P4.D6.F7; Overall small fan- or wave-shaped pattern; 3 cream borders; heavy weight laid paper; Contained in stiff, clear plastic sleeve; Section(s) from the Decorated and Decorative Paper Terms Thesaurus: II.E; VIII.H.1; Not signed. Not stamped. Not stickered. Not embossed.; Torn; worn; center and edge pieces missing; holes; stained and discolored on verso",Late 18th century,reformatted digital,"1 sheet of brown, tan and cream block-printed paper; 14.25 x 17.75 in.",StillImage,Paper,"No copyright - United States; For more information, see:  http://rightsstatements.org/vocab/NoC-US/1.0/",Decorative paper,Berger-Cloonan #12413,https://api.library.tamu.edu/fcrepo/rest/3b/6f/c3/25/3b6fc325-f6ca-41d8-b91e-8c5db3be8c13/berger_cloonan_batch_3_objects/78/pages/page_0/files/12413.jpg,,
"['Block-printed papers', 'Laid lines', 'art reproduction']",12412,Openly accessible,2021-06-16T14:29:27.759000+00:00,Texas A & M University. Libraries,"Distribution of fibers; Surface application; Laid; Printed; P4.D6.F7; Overall striped pattern with floral and geometric designs; laid paper; inscription on piece: ""700 [?] [euros] [circled] ""; Contained in white folded folder; contained in clear plastic sleeve; Section(s) from the Decorated and Decorative Paper Terms Thesaurus: II.E; VIII.H.1; Not signed. Not stamped. Not stickered. Not embossed.; Torn edges and corners; creased for binding with white tape on verso; wrinkled",Late 18th century,reformatted digital,"1 sheet of blue, pink and cream block-printed paper; 11.50 x 16.00 in.",StillImage,Paper,"No copyright - United States; For more information, see:  http://rightsstatements.org/vocab/NoC-US/1.0/",Decorative paper,Berger-Cloonan #12412,https://api.library.tamu.edu/fcrepo/rest/3b/6f/c3/25/3b6fc325-f6ca-41d8-b91e-8c5db3be8c13/berger_cloonan_batch_3_objects/77/pages/page_0/files/12412.jpg,Italy,
"['Dribbled paste papers', 'Laid lines', 'art reproduction']",,Openly accessible,2021-06-16T14:28:46.879000+00:00,Texas A & M University. Libraries,Distribution of fibers; Surface application; Laid; Paste; P4.D6.F7; Hernhuter (monastery near Leipzig)paper used as book cover; speckled or dribbled design; laid paper; right panel is brown speckled with scalloped label shape in red speckle; Barry McKay donated the sheet to Sidney E. Berger and Michele V. Cloonan circa 2002.; Section(s) from the Decorated and Decorative Paper Terms Thesaurus: II.E; VIII.G.2.b; Not signed. Not stamped. Not stickered. Not embossed.; Torn; worn; creased; holes; scratched stained and discolored on recto; 2 pieces joined are nearly apart; spot stains on verso,Mid 18th century,reformatted digital,"1 sheet of red, brown and white paste paper; 15.00 x 20.75 in.",StillImage,Paper,"No copyright - United States; For more information, see:  http://rightsstatements.org/vocab/NoC-US/1.0/",Decorative paper,Berger-Cloonan #12409,https://api.library.tamu.edu/fcrepo/rest/3b/6f/c3/25/3b6fc325-f6ca-41d8-b91e-8c5db3be8c13/berger_cloonan_batch_3_objects/74/pages/page_0/files/12409.jpg,Germany,
"['Printed papers', 'art reproduction', 'endpapers']",7012,Openly accessible,2021-06-16T14:13:09.258000+00:00,Texas A & M University. Libraries,Surface application; Printed; M5.D5.F16; Previously used as an endpaper in a bookbinding; vine design; semi-glossy finish; The sheet is from the Bernard Middleton Collection. Bernard Middleton donated this sheet to Sidney E. Berger and Michele V. Cloonan circa 1990.; Section(s) from the Decorated and Decorative Paper Terms Thesaurus: VIII.H; Not signed. Not stamped.; Faded areas on recto; creased and torn corners and edges; slight yellowing on verso.,19th century,reformatted digital,"1 sheet of brown, yellow, black and white printed paper; 9.50 x 12.25 in.",StillImage,Paper,"No copyright - United States; For more information, see:  http://rightsstatements.org/vocab/NoC-US/1.0/",Decorative paper,Berger-Cloonan #7012,https://api.library.tamu.edu/fcrepo/rest/3b/6f/c3/25/3b6fc325-f6ca-41d8-b91e-8c5db3be8c13/berger_cloonan_batch_3_objects/5/pages/page_0/files/07012.jpg,,
"['art reproduction', 'Block-printed papers']",11763,Openly accessible,2021-06-16T14:17:00.682000+00:00,Texas A & M University. Libraries,"Surface application; Printed; P2.D2.F7; Abstract geometric design; lines in paper but not laid; inscription on piece: ""German 1907""; Contained in a sealed clear plastic sleeve; Section(s) from the Decorated and Decorative Paper Terms Thesaurus: VIII.H.1; Not signed. Not stamped.; Edge tears; yellowed edges on recto and verso; creased; wrinkled",1907 [?],reformatted digital,1 sheet of beige and cream printed paper; 9.00 x 11.50 in.,StillImage,Paper,"No copyright - United States; For more information, see:  http://rightsstatements.org/vocab/NoC-US/1.0/",Decorative paper,Berger-Cloonan #11763,https://api.library.tamu.edu/fcrepo/rest/3b/6f/c3/25/3b6fc325-f6ca-41d8-b91e-8c5db3be8c13/berger_cloonan_batch_3_objects/23/pages/page_0/files/11763.jpg,Germany [?],
"['art reproduction', 'Non-patterned Paste papers']",12397,Openly accessible,2021-06-16T14:25:56.253000+00:00,Texas A & M University. Libraries,Surface application; Paste; P4.D6.F7; See Haemmerle p. 123; Section(s) from the Decorated and Decorative Paper Terms Thesaurus: VIII.G.2; Not signed. Not stamped. Not stickered. Not embossed.; Torn; creased; pinholes; folded; discolored and stained on verso,Circa 1740,reformatted digital,"1 sheet of green, brown and cream paste paper; 14.00 x 17.50 in.",StillImage,Paper,"No copyright - United States; For more information, see:  http://rightsstatements.org/vocab/NoC-US/1.0/",Decorative paper,Berger-Cloonan #12397,https://api.library.tamu.edu/fcrepo/rest/3b/6f/c3/25/3b6fc325-f6ca-41d8-b91e-8c5db3be8c13/berger_cloonan_batch_3_objects/62/pages/page_0/files/12397.jpg,,
"['Block-printed papers', 'art reproduction']",10411,Openly accessible,2021-06-16T14:16:46.945000+00:00,Texas A & M University. Libraries,"Surface application; Printed; P1.D5.F5; Large flowers and birds; inscription on piece: ""Manuscript cookbook 50-- probably 1850s""; Section(s) from the Decorated and Decorative Paper Terms Thesaurus: VIII.H.1; Not signed. Not stamped.; Edge cut unevenly; tape along top edge; abrasion",1850s,reformatted digital,"1 sheet of green, pink, yellow, teal blue, dark blue and white printed paper; 9.00 x 12.00 in.",StillImage,Paper,"No copyright - United States; For more information, see:  http://rightsstatements.org/vocab/NoC-US/1.0/",Block printing,Berger-Cloonan #10411,https://api.library.tamu.edu/fcrepo/rest/3b/6f/c3/25/3b6fc325-f6ca-41d8-b91e-8c5db3be8c13/berger_cloonan_batch_3_objects/22/pages/page_0/files/10411.jpg,,
"['Gold gilt papers', 'Laid lines', 'art reproduction']","['12313', '5430']",Openly accessible,2021-06-16T14:20:39.457000+00:00,Texas A & M University. Libraries,"Distribution of fibers; Surface application; Laid; Printed; P4.D6.F2; Overall pattern of striped floral design; gold and green over white background; laid paper; Contained in BASSENGE folder; Not in Haemmerle?; Sidney E. Berger and Michele V. Cloonan purchased the sheet from Bassenge Kunst und Buchauktion (Auction 98, Lot #5430) in 12/2011.; Section(s) from the Decorated and Decorative Paper Terms Thesaurus: II.E; VIII.H.1.d.1; Not signed. Not stamped.; Small tear at top; tiny hole",Circa 1775,reformatted digital,"1 sheet of green, gold and off-white Dutch gilt paper; 14.50 x 17.25 in.",StillImage,Paper,"No copyright - United States; For more information, see:  http://rightsstatements.org/vocab/NoC-US/1.0/",Decorative paper,Berger-Cloonan #12313,https://api.library.tamu.edu/fcrepo/rest/3b/6f/c3/25/3b6fc325-f6ca-41d8-b91e-8c5db3be8c13/berger_cloonan_batch_3_objects/39/pages/page_0/files/12313.jpg,,
"['Gold gilt papers', 'Laid lines', 'art reproduction']",12425,Openly accessible,2021-06-16T14:31:46.077000+00:00,Texas A & M University. Libraries,"Distribution of fibers; Surface application; Laid; Printed; P4.D6.F8; Dutch gilt over orange paste; Adam and Eve with tree surrounded by pairs of animals; 4 orange borders; laid paper; [printed in block in gold ink on recto]: ""G N RENNER & ABEL""; Contained in open folder made from 2 pieces of tan masonite board and pieces of white tissue paper, See Bassenge p. 384; Sidney E. Berger and Michele V. Cloonan purchased the sheet from Andreas Mueller in 08/2014.; Section(s) from the Decorated and Decorative Paper Terms Thesaurus: II.E; VIII.H.1.d.1; Not signed. Not stamped. Not stickered. Not embossed.; Dark area on lower left corner on recto; center fold",Early 19th century,reformatted digital,"1 sheet of orange, gold and cream Dutch gilt paper; 15.25 x 13.25 in.",StillImage,Paper,"No copyright - United States; For more information, see:  http://rightsstatements.org/vocab/NoC-US/1.0/",Decorative paper,Berger-Cloonan #12425,https://api.library.tamu.edu/fcrepo/rest/3b/6f/c3/25/3b6fc325-f6ca-41d8-b91e-8c5db3be8c13/berger_cloonan_batch_3_objects/87/pages/page_0/files/12425.jpg,Germany--Nuremberg,
"['Laid lines', 'art reproduction']",12422,Openly accessible,2021-06-16T14:31:32.440000+00:00,Texas A & M University. Libraries,"Distribution of fibers; Laid; P4.D6.F7; Found in walled-off section of a building in Jena, Germany; Photograph taken with the aid of a light table. The false image color more accurately captures the details of the laid paper.; Ilona Hesse donated the sheet to Sidney E. Berger and Michele V. Cloonan on 02/28/2004.; Section(s) from the Decorated and Decorative Paper Terms Thesaurus: II.E; Not signed. Not stamped. Not stickered. Not embossed.; Creased; wrinkled; center seam",Circa 1650,reformatted digital,1 sheet of blue laid paper; 18.75 x 22.25 in.,StillImage,Paper,"No copyright - United States; For more information, see:  http://rightsstatements.org/vocab/NoC-US/1.0/",Decorative paper,Berger-Cloonan #12422,https://api.library.tamu.edu/fcrepo/rest/3b/6f/c3/25/3b6fc325-f6ca-41d8-b91e-8c5db3be8c13/berger_cloonan_batch_3_objects/86/pages/page_0/files/12422.jpg,Germany [?],P4.D6.F7.A
"['Gold gilt papers', 'Laid lines', 'art reproduction']","['12310', '5428']",Openly accessible,2021-06-16T14:19:58.356000+00:00,Texas A & M University. Libraries,"Distribution of fibers; Surface application; Laid; Printed; P4.D6.F2; Overall pattern of floral design; gold over brown paste; laid paper; Contained in BASSENGE folder; Not in Haemmerle?; Sidney E. Berger and Michele V. Cloonan purchased the sheet from Bassenge Kunst und Buchauktion (Auction 98, Lot #5428) in 12/2011; Section(s) from the Decorated and Decorative Paper Terms Thesaurus: II.E; VIII.H.1.d; Not signed. Not stamped.",Circa 1790 [?],reformatted digital,"1 sheet of brown, gold and off-white Dutch gilt paper; 13.75 x 17.75 in.",StillImage,Paper,"No copyright - United States; For more information, see:  http://rightsstatements.org/vocab/NoC-US/1.0/",Decorative paper,Berger-Cloonan #12310,https://api.library.tamu.edu/fcrepo/rest/3b/6f/c3/25/3b6fc325-f6ca-41d8-b91e-8c5db3be8c13/berger_cloonan_batch_3_objects/36/pages/page_0/files/12310.jpg,,
"['Gold gilt papers', 'Laid lines', 'art reproduction']","['5428', '12309']",Openly accessible,2021-06-16T14:19:44.597000+00:00,Texas A & M University. Libraries,"Distribution of fibers; Surface application; Laid; Printed; P4.D6.F2; Overall pattern of floral row design; gold over orange paste; laid paper; Contained in BASSENGE folder; Not in Haemmerle?; Sidney E. Berger and Michele V. Cloonan purchased the sheet from Bassenge Kunst und Buchauktion (Auction 98, Lot #5428) in 12/2011.; Section(s) from the Decorated and Decorative Paper Terms Thesaurus: II.E; VIII.H.1.d.1; Not signed. Not stamped.",Circa 1750,reformatted digital,"1 sheet of orange, gold and off-white Dutch gilt paper; 13.25 x 16.25 in.",StillImage,Paper,"No copyright - United States; For more information, see:  http://rightsstatements.org/vocab/NoC-US/1.0/",Decorative paper,Berger-Cloonan #12309,https://api.library.tamu.edu/fcrepo/rest/3b/6f/c3/25/3b6fc325-f6ca-41d8-b91e-8c5db3be8c13/berger_cloonan_batch_3_objects/35/pages/page_0/files/12309.jpg,,
"['Laid lines', 'art reproduction', 'Block-printed papers', 'Deckled edges']",12390,Openly accessible,2021-06-16T14:25:15.211000+00:00,Texas A & M University. Libraries,"Distribution of fibers; Surface application; Deckled; Laid; Printed; P4.D6.F7; Overall mid-size floral pattern with 3 yellow borders; laid paper; deckled; highly varnished finish on recto; inscription on piece: ""kattunpapier um 1760 ex Slg Hammerle""; Contained in small folder created by folded sheet of white paper; [written in pencil on recto of folded sheet]: ""Kattundruck von Hand grostencils aus seg Haemmerle""; Section(s) from the Decorated and Decorative Paper Terms Thesaurus: II.C; II.E; VIII.H.1; Not signed. Not stamped. Not stickered. Not embossed.; Torn; creased; ink on verso",Circa 1760,reformatted digital,"1 sheet of red, green, yellow, black and cream block-printed paper; 14.50 x 18.50 in.",StillImage,Paper,"No copyright - United States; For more information, see:  http://rightsstatements.org/vocab/NoC-US/1.0/",Decorative paper,Berger-Cloonan #12390,https://api.library.tamu.edu/fcrepo/rest/3b/6f/c3/25/3b6fc325-f6ca-41d8-b91e-8c5db3be8c13/berger_cloonan_batch_3_objects/59/pages/page_0/files/12390.jpg,,
"['Printed papers', 'art reproduction']",12376,Openly accessible,2021-06-16T14:22:42.681000+00:00,Texas A & M University. Libraries,"Surface application; Printed; P4.D6.F7; Series of 12 blocks with scenes depicting ""LE MONDE RENVERSE"" No 2.""; 19th century hand colored print on wove paper; Contained in a white folder marked in pencil: ""18th century Printed etc.""; Wrapped in clear plastic; Sidney E. Berger and Michele V. Cloonan purchased the sheet.; Section(s) from the Decorated and Decorative Paper Terms Thesaurus: VIII.H; Not signed. Not stamped. Not stickered. Not embossed.; Stained and discolored along the edges on recto and verso; creased",Circa 1850,reformatted digital,"1 sheet of black, red, blue, pink, yellow, gray, green and white printed paper; 12.00 x 16.00 in.","['Text', 'StillImage']",Paper,"No copyright - United States; For more information, see:  http://rightsstatements.org/vocab/NoC-US/1.0/",Decorative paper,Berger-Cloonan #12376,https://api.library.tamu.edu/fcrepo/rest/3b/6f/c3/25/3b6fc325-f6ca-41d8-b91e-8c5db3be8c13/berger_cloonan_batch_3_objects/48/pages/page_0/files/12376.jpg,,
"['art reproduction', 'Printed papers']",11810,Openly accessible,2021-06-16T14:18:35.938000+00:00,Texas A & M University. Libraries,"Surface application; Printed; P2.D2.F7; Row of little girls with flowers; semi-glossy finish; attached at one end with adhesive to a plain sheet of brown paper; [written in pencil on verso]: ""ENGLISH LUCIEN PISSARRO c 1900""; Contained in an open clear plastic sleeve; Section(s) from the Decorated and Decorative Paper Terms Thesaurus: VIII.H; Not signed. Not stamped.; Stained and discolored on recto and verso; yellowed edges",Circa 1900,reformatted digital,1 sheet of gold and cream printed paper; 5.50 x 8.00 in.,StillImage,Paper,"No copyright - United States; For more information, see:  http://rightsstatements.org/vocab/NoC-US/1.0/",Decorative paper,Berger-Cloonan #11810,https://api.library.tamu.edu/fcrepo/rest/3b/6f/c3/25/3b6fc325-f6ca-41d8-b91e-8c5db3be8c13/berger_cloonan_batch_3_objects/30/pages/page_0/files/11810.jpg,,P2.D2.F7.A
"['art reproduction', 'Patterned Paste papers', 'Laid lines']",12405,Openly accessible,2021-06-16T14:27:44.978000+00:00,Texas A & M University. Libraries,Distribution of fibers; Surface application; Laid; Paste; P4.D6.F7; Candy cane-like stripe pattern; laid paper; Section(s) from the Decorated and Decorative Paper Terms Thesaurus: II.E; VIII.G.3; Not signed. Not stamped. Not stickered. Not embossed.; Creased; pinholes; areas of abrasion and stain on recto; 2 pieces joined on verso,Circa 1740,reformatted digital,1 sheet of red and white paste paper; 11.75 x 13.75 in.,StillImage,Paper,"No copyright - United States; For more information, see:  http://rightsstatements.org/vocab/NoC-US/1.0/",Decorative paper,Berger-Cloonan #12405,https://api.library.tamu.edu/fcrepo/rest/3b/6f/c3/25/3b6fc325-f6ca-41d8-b91e-8c5db3be8c13/berger_cloonan_batch_3_objects/70/pages/page_0/files/12405.jpg,,
"['Laid lines', 'art reproduction', 'endpapers']",10293,Openly accessible,2021-06-16T14:14:58.253000+00:00,Texas A & M University. Libraries,"Distribution of fibers; Laid; P1.D4.F3; Previously used as an endpaper in a bookbinding; [written in pencil on recto]: ""Henry Pearson #3.00""; Photograph taken with the aid of a light table. The false image color more accurately captures the details of the laid paper.; Section(s) from the Decorated and Decorative Paper Terms Thesaurus: II.E; Not signed. Not stamped.; Discolored; edge torn; holes; creased; fragile",19th century [?],reformatted digital,1 sheet of white laid paper; 4.00 x 6.75 in.,StillImage,Paper,"No copyright - United States; For more information, see:  http://rightsstatements.org/vocab/NoC-US/1.0/",Decorative paper,Berger-Cloonan #10293,https://api.library.tamu.edu/fcrepo/rest/3b/6f/c3/25/3b6fc325-f6ca-41d8-b91e-8c5db3be8c13/berger_cloonan_batch_3_objects/14/pages/page_0/files/10293.jpg,,P1.D4.F3.A
leather bindings (bookbindings),10292B,Openly accessible,2021-06-16T14:14:44.712000+00:00,Texas A & M University. Libraries,Tooled rectangles with flowers at each corner; Not signed. Not stamped; Edges deteriorating; discolored; fragile,19th century [?],reformatted digital,1 brown tooled leather bookcover; 4.75 x 7.50 in.,StillImage,"['Leather', 'Paper']","No copyright - United States; For more information, see:  http://rightsstatements.org/vocab/NoC-US/1.0/",Leather bindings (Bookbinding),Berger-Cloonan #10292B,https://api.library.tamu.edu/fcrepo/rest/3b/6f/c3/25/3b6fc325-f6ca-41d8-b91e-8c5db3be8c13/berger_cloonan_batch_3_objects/13/pages/page_0/files/10292-002.jpg,,P1.D4.F3.A
"['art reproduction', 'Laid lines', 'Printed papers']",12419,Openly accessible,2021-06-16T14:30:51.337000+00:00,Texas A & M University. Libraries,"Distribution of fibers; Surface application; Laid; Printed; P4.D6.F7; Rare book sheet of blue paper with copper plate engraving in black ink on recto and verso (in French and Italian); hinged cream mat opening framed with thin black line and thicker red line; [printed in black ink on recto]: ""XIV. PAOLO UCCELLO FIROENTINO N. 1589. M. 1472. [with image of bearded person with hat]""; ] [written in pencil on recto of blue paper]: ""6 717"";  [written in pencil on verso of hinged cream mat]: ""1200""; Contained in thin clear plastic sleeve; contained in hinged cream mat with cut out for viewing; Section(s) from the Decorated and Decorative Paper Terms Thesaurus: II.E;  VIII.H; Not signed. Not stamped. Not stickered. Not embossed.; Blue sheet is affixed to cream mat with 2 pieces of brown tape",Early 18th century,reformatted digital,1 sheet of blue laid printed paper; 12.75 x 5.75 in.,StillImage,Paper,"No copyright - United States; For more information, see:  http://rightsstatements.org/vocab/NoC-US/1.0/",Decorative paper,Berger-Cloonan #12419,https://api.library.tamu.edu/fcrepo/rest/3b/6f/c3/25/3b6fc325-f6ca-41d8-b91e-8c5db3be8c13/berger_cloonan_batch_3_objects/83/pages/page_0/files/12419.jpg,,
Watermarks,12417,Openly accessible,2021-06-16T14:30:37.715000+00:00,Texas A & M University. Libraries,"Distribution of fibers; Watermarked; P4.D6.F7; Argzb (?) watermark at center; Exodus printed in black, blue and red ink on recto and verso; Contained in clear plastic sleeve with white cardboard backing for protection; Section(s) from the Decorated and Decorative Paper Terms Thesaurus: II.H; Not signed. Not stamped. Not stickered. Not embossed.; Stained and discolored on recto and verso; small binding holes",15th century [?],reformatted digital,2 pages of white watermarked paper; 9.00 x 12.75 in.,"['StillImage', 'Text']",Paper,"No copyright - United States; For more information, see:  http://rightsstatements.org/vocab/NoC-US/1.0/","['Watermarks', 'Decorative paper']",Berger-Cloonan #12417,https://api.library.tamu.edu/fcrepo/rest/3b/6f/c3/25/3b6fc325-f6ca-41d8-b91e-8c5db3be8c13/berger_cloonan_batch_3_objects/82/pages/page_0/files/12417a.jpg|https://api.library.tamu.edu/fcrepo/rest/3b/6f/c3/25/3b6fc325-f6ca-41d8-b91e-8c5db3be8c13/berger_cloonan_batch_3_objects/82/pages/page_1/files/12417b.jpg,,P4.D6.F7.A
"['Laid lines', 'Deckled edges', 'Watermarks']",12383,Openly accessible,2021-06-16T14:24:06.896000+00:00,Texas A & M University. Libraries,"Distribution of fibers; Deckled; Laid; Watermarked; P4.D6.F7; Laid paper with series of 3 circles watermarked at the top of sheet; ""ORDINI SOPRA I CAMBI"" printed in Italian in black ink on recto; deckled; Inscription on original piece: ""5000""; [written in brown ink on verso]: ""A.  B4.""; Photograph taken with the aid of a light table. The false image color more accurately captures the details of the laid paper and associated watermark(s).; Section(s) from the Decorated and Decorative Paper Terms Thesaurus: II.C; II.E; II.H; Not signed. Not stamped. Not stickered. Not embossed.; Creased and folded; discolored and stained edge on recto and verso; stored in white folder",1693,reformatted digital,1 sheet of black and cream laid watermarked paper; 12.00 x 17.00 in.,"['StillImage', 'Text']",Paper,"No copyright - United States; For more information, see:  http://rightsstatements.org/vocab/NoC-US/1.0/",Decorative paper,Berger-Cloonan #12383,https://api.library.tamu.edu/fcrepo/rest/3b/6f/c3/25/3b6fc325-f6ca-41d8-b91e-8c5db3be8c13/berger_cloonan_batch_3_objects/54/pages/page_0/files/12383.jpg,,
"['art reproduction', 'Gold gilt papers']","['12367', '5420']",Openly accessible,2021-06-16T14:21:34.292000+00:00,Texas A & M University. Libraries,"Distribution of fibers; Surface application; Laid; Printed; P4.D6.F6; Overall pattern of floral design; gold over carmine paste; 4 borders; laid paper; Contained in BASSENGE folder; Floating on sheet of white, semi-glossy poster board; Part of book cover?; Sidney E. Berger and Michele V. Cloonan purchased the sheet from Bassenge Kunst und Buchauktion (Auction 103, Lot #5420) in 07/2011.; Section(s) from the Decorated and Decorative Paper Terms Thesaurus: II.E; VIII.H.1.d.1; Not signed. Not stamped. Not stickered. Not embossed.; Small tears at bottom center",18th century,reformatted digital,"1 sheet of red, gold and cream printed paper; 13.75 x 16.00 in.",StillImage,Paper,"No copyright - United States; For more information, see:  http://rightsstatements.org/vocab/NoC-US/1.0/",Decorative paper,Berger-Cloonan #12367,https://api.library.tamu.edu/fcrepo/rest/3b/6f/c3/25/3b6fc325-f6ca-41d8-b91e-8c5db3be8c13/berger_cloonan_batch_3_objects/43/pages/page_0/files/12367.jpg,,
"['Laid lines', 'art reproduction', 'Watermarks']",12382,Openly accessible,2021-06-16T14:23:53.283000+00:00,Texas A & M University. Libraries,"Distribution of fibers; Laid; Watermarked; P4.D6.F7; Laid paper with 3 watermarks: E V C; [filigree]; crowned circle with figure holding an instrument at center with script around the circle; paper produced earlier than date (1777) written on verso; Inscription on original piece: ""from Karli Frigge""; [written in brown ink on recto]: ""Papierem van 4 Ship Aurora 17 77.""; Contained in a white folder marked in pencil:  ""18th century Printed etc.""; Karli Frigge donated the sheet to Sidney E. Berger and Michele V. Cloonan.; Section(s) from the Decorated and Decorative Paper Terms Thesaurus: II.E; II.H; Not signed. Not stamped. Not stickered. Not embossed.; Torn with 2 corners missing large chunks; creased; wrinkled; stained and discolored on recto and verso; worn",1777,reformatted digital,1 sheet of black and cream laid watermarked paper; 12.75 x 16.00 in.,StillImage,Paper,"No copyright - United States; For more information, see:  http://rightsstatements.org/vocab/NoC-US/1.0/",Decorative paper,Berger-Cloonan #12382,https://api.library.tamu.edu/fcrepo/rest/3b/6f/c3/25/3b6fc325-f6ca-41d8-b91e-8c5db3be8c13/berger_cloonan_batch_3_objects/53/pages/page_0/files/12382.jpg,,
"['Gold gilt papers', 'art reproduction']","['5437', '12317']",Openly accessible,2021-06-16T14:21:20.619000+00:00,Texas A & M University. Libraries,"Surface application; Printed; P4.D6.F2; Overall pattern of floral geometric design; gold  over orange background; backed; book ends; Contained in clear plastic sleeve; Removed from folder for Lot #5435 BASSENGE AUTION #98; Not in Haemmerle?; Sidney E. Berger and Michele V. Cloonan purchased the sheet from Bassenge Kunst und Buchauktion (Auction 98, Lot #5437) in 12/2011.; Section(s) from the Decorated and Decorative Paper Terms Thesaurus: VIII.H.1.d.1; Not signed. Not stamped. Not stickered. Not embossed.; 2 separate pieces form a sheet; torn down the middle with loss at tear top to bottom",1750 [?],reformatted digital,"1 full sheet in 2 parts of orange, gold and off-white Dutch gilt paper; 13.75 x 16.75 in.",StillImage,Paper,"No copyright - United States; For more information, see:  http://rightsstatements.org/vocab/NoC-US/1.0/",Decorative paper,Berger-Cloonan #12317,https://api.library.tamu.edu/fcrepo/rest/3b/6f/c3/25/3b6fc325-f6ca-41d8-b91e-8c5db3be8c13/berger_cloonan_batch_3_objects/42/pages/page_0/files/12317.jpg,,
"['block printing (relief printing process)', 'Laid lines', 'art reproduction', 'decorated papers', 'Woodblock-printed papers']",9912,Openly accessible,2021-06-16T14:14:03.925000+00:00,Texas A & M University. Libraries,"Distribution of fibers; Surface application; Laid; Printed; W1.D3.F1; Front and back book covers with images  of market scene with box making; banners and curtains with kanji; framed with bamboo; three pieces mounted on laid cream paper joined on verso with tape; corner of missing middle section remains; inscription on piece: "".96""; Two Japanese woodblocks contained between two sheets of folder paper, which is contained in a plastic sleeve;[written in pencil on recto of folder paper]: ""19th c Japanese book Woodblock printed covers""; Section(s) from the Decorated and Decorative Paper Terms Thesaurus: II.E; VIII.H.1.h; Not signed. Not stamped.; Creased; torn; middle section torn away and missing; small holes; small sections separating from backing; backing stained and discolored",19th century,reformatted digital,"1 sheet of blue, red, green, brown, black and cream woodblock printed paper; 14.00 x 6.75 in.",StillImage,Paper,"No copyright - United States; For more information, see:  http://rightsstatements.org/vocab/NoC-US/1.0/",Block printing,Berger-Cloonan #9912,https://api.library.tamu.edu/fcrepo/rest/3b/6f/c3/25/3b6fc325-f6ca-41d8-b91e-8c5db3be8c13/berger_cloonan_batch_3_objects/9/pages/page_0/files/09912.jpg,Japan,
"['block printing (relief printing process)', 'Laid lines', 'art reproduction', 'decorated papers', 'Woodblock-printed papers']",9911,Openly accessible,2021-06-16T14:13:50.256000+00:00,Texas A & M University. Libraries,"Distribution of fibers; Surface application; Laid; Printed; W1.D3.F1; Front and back book covers with images  of harvesting preparations at home; red banner with kanji; framed with bamboo; two pieces mounted on laid cream paper joined on verso with tape; Two Japanese woodblocks contained between two sheets of folder paper, which is contained in a plastic sleeve; [written in pencil on recto of folder paper] ""19th c Japanese book Woodblock printed covers""; Section(s) from the Decorated and Decorative Paper Terms Thesaurus: II.E; VIII.H.1.h; Not signed. Not stamped.; Creased; torn; small holes; small sections separating from backing; backing stained and discolored",19th century,reformatted digital,"1 sheet of blue, red, green, brown, black and cream woodblock printed paper; 9.25 x 6.75 in.",StillImage,Paper,"No copyright - United States; For more information, see:  http://rightsstatements.org/vocab/NoC-US/1.0/",Block printing,Berger-Cloonan #9911,https://api.library.tamu.edu/fcrepo/rest/3b/6f/c3/25/3b6fc325-f6ca-41d8-b91e-8c5db3be8c13/berger_cloonan_batch_3_objects/8/pages/page_0/files/09911.jpg,Japan,
"['art reproduction', 'Brushed paste papers']",11781,Openly accessible,2021-06-16T14:17:41.681000+00:00,Texas A & M University. Libraries,"Surface application; Paste; P2.D2.F7; Semi-glossy finish; binding edge; [written in pencil on verso]: ""c 1822 FRENCH""; Contained in an open clear plastic sleeve; Section(s) from the Decorated and Decorative Paper Terms Thesaurus: VIII.G.2.a; Not signed. Not stamped.; Abrasions on recto; torn; curled, worn and torn binding edge with loose threads; creased; stained on verso",Circa 1822 [?],reformatted digital,1 sheet of blue and cream paste paper; 5.75 x 8.75 in.,StillImage,Paper,"No copyright - United States; For more information, see:  http://rightsstatements.org/vocab/NoC-US/1.0/","['Block printing', 'Decorative paper']",Berger-Cloonan #11781,https://api.library.tamu.edu/fcrepo/rest/3b/6f/c3/25/3b6fc325-f6ca-41d8-b91e-8c5db3be8c13/berger_cloonan_batch_3_objects/26/pages/page_0/files/11781.jpg,,P2.D2.F7.A
"['endpapers', 'Stormont marbled papers', 'art reproduction']",10295,Openly accessible,2021-06-16T14:15:25.225000+00:00,Texas A & M University. Libraries,"Surface application; Marbled; P1.D4.F3; Previously used as an endpaper in a bookbinding; inscription on piece: ""78c""; [written in black ink on verso]: ""Robert Smith 10 Grays Hall""; Section(s) from the Decorated and Decorative Paper Terms Thesaurus: VIII.F.4.g; Not signed. Not stamped.; Discolored; fragile",19th century [?],reformatted digital,"1 sheet of pink, blue and white marbled paper; 5.00 x 8.00 in.",StillImage,Paper,"No copyright - United States; For more information, see:  http://rightsstatements.org/vocab/NoC-US/1.0/",Marbled papers,Berger-Cloonan #10295,https://api.library.tamu.edu/fcrepo/rest/3b/6f/c3/25/3b6fc325-f6ca-41d8-b91e-8c5db3be8c13/berger_cloonan_batch_3_objects/16/pages/page_0/files/10295.jpg,,P1.D4.F3.A
"['art reproduction', 'Patterned Paste papers']",12402,Openly accessible,2021-06-16T14:27:04.298000+00:00,Texas A & M University. Libraries,Surface application; Paste; P4.D6.F7; Brush or fan design; See Haemmerle p. 123; Section(s) from the Decorated and Decorative Paper Terms Thesaurus: VIII.G.3; Not signed. Not stamped. Not stickered. Not embossed.; Creased; stained and discolored on verso,Circa 1740,reformatted digital,1 sheet of brown and cream paste paper; 13.50 x 16.75 in.,StillImage,Paper,"No copyright - United States; For more information, see:  http://rightsstatements.org/vocab/NoC-US/1.0/",Decorative paper,Berger-Cloonan #12402,https://api.library.tamu.edu/fcrepo/rest/3b/6f/c3/25/3b6fc325-f6ca-41d8-b91e-8c5db3be8c13/berger_cloonan_batch_3_objects/67/pages/page_0/files/12402.jpg,,
"['art reproduction', 'Patterned Paste papers']",12401,Openly accessible,2021-06-16T14:26:50.710000+00:00,Texas A & M University. Libraries,Surface application; Paste; P4.D6.F7; Brush or fan design; See Haemmerle p. 123; Section(s) from the Decorated and Decorative Paper Terms Thesaurus: VIII.G.3; Not signed. Not stamped. Not stickered. Not embossed.; Creased; folded; small holes; small ink on verso,Circa 1740,reformatted digital,1 sheet of brown and cream paste paper; 13.50 x 16.75 in.,StillImage,Paper,"No copyright - United States; For more information, see:  http://rightsstatements.org/vocab/NoC-US/1.0/",Decorative paper,Berger-Cloonan #12401,https://api.library.tamu.edu/fcrepo/rest/3b/6f/c3/25/3b6fc325-f6ca-41d8-b91e-8c5db3be8c13/berger_cloonan_batch_3_objects/66/pages/page_0/files/12401.jpg,,
"['Non-patterned Paste papers', 'art reproduction']",12398,Openly accessible,2021-06-16T14:26:09.880000+00:00,Texas A & M University. Libraries,Surface application; Paste; P4.D6.F7; See Haemmerle p. 123; Section(s) from the Decorated and Decorative Paper Terms Thesaurus: VIII.G.2; Not signed. Not stamped. Not stickered. Not embossed.; Torn; creased; folded; stained on verso; 2 pieces joined on verso,Circa 1740,reformatted digital,"1 sheet of light blue, dark blue and cream paste paper; 14.00 x 21.00 in.",StillImage,Paper,"No copyright - United States; For more information, see:  http://rightsstatements.org/vocab/NoC-US/1.0/",Decorative paper,Berger-Cloonan #12398,https://api.library.tamu.edu/fcrepo/rest/3b/6f/c3/25/3b6fc325-f6ca-41d8-b91e-8c5db3be8c13/berger_cloonan_batch_3_objects/63/pages/page_0/files/12398.jpg,,
"['Block-printed papers', 'art reproduction']",12414,Openly accessible,2021-06-16T14:29:55.206000+00:00,Texas A & M University. Libraries,Surface application; Printed; P4.D6.F7; Overall small striped geometric pattern; registration slightly off; Section(s) from the Decorated and Decorative Paper Terms Thesaurus: VIII.H.1; Not signed. Not stamped. Not stickered. Not embossed.; Center crease; faint red marks on recto,Late 18th century,reformatted digital,1 sheet of blue and cream block-printed paper; 19.00 x 25.50 in.,StillImage,Paper,"No copyright - United States; For more information, see:  http://rightsstatements.org/vocab/NoC-US/1.0/",Decorative paper,Berger-Cloonan #12414,https://api.library.tamu.edu/fcrepo/rest/3b/6f/c3/25/3b6fc325-f6ca-41d8-b91e-8c5db3be8c13/berger_cloonan_batch_3_objects/79/pages/page_0/files/12414.jpg,,
"['endpapers', 'Non-patterned Paste papers', 'Laid lines', 'art reproduction']",12380,Openly accessible,2021-06-16T14:23:25.971000+00:00,Texas A & M University. Libraries,"Distribution of fibers; Surface application; Laid; Paste; P4.D6.F7; Previously used as an endpaper in a bookbinding; abstract design; laid paper backing on verso on 1 side; inscription on piece: ""Gift of Bernard Middleton c. 1993""; Contained in a white folder marked in pencil: ""18th century Printed etc.""; The sheet is from the Bernard Middleton Collection. Bernard Middleton donated the sheet to Sidney E. Berger and Michele V. Cloonan in 1993.; Section(s) from the Decorated and Decorative Paper Terms Thesaurus: II.E; VIII.G.2; Not signed. Not stamped. Not stickered. Not embossed.; Creased and folded at center for book; torn at center fold at top and bottom; edge tears; stained and discolored on verso; binding discolored and torn.",1740,reformatted digital,"1 sheet of red, blue, yellow and cream paste paper; 18.00 x 14.00 in.",StillImage,Paper,"No copyright - United States; For more information, see:  http://rightsstatements.org/vocab/NoC-US/1.0/",Decorative paper,Berger-Cloonan #12380,https://api.library.tamu.edu/fcrepo/rest/3b/6f/c3/25/3b6fc325-f6ca-41d8-b91e-8c5db3be8c13/berger_cloonan_batch_3_objects/51/pages/page_0/files/12380.jpg,,
"['art reproduction', 'Zebra marbled papers']",10291,Openly accessible,2021-06-16T14:14:17.560000+00:00,Texas A & M University. Libraries,Surface application; Marbled; P1.D4.F3; Half bound with marbled paste-down; Section(s) from the Decorated and Decorative Paper Terms Thesaurus: VIII.F.1.i; Not signed. Not stamped.; Cover cracked and paste-down creased; edges deteriorating; discolored; fragile,19th century [?],reformatted digital,"1 blue, red, yellow, black and white marbled paper and brown leather book cover;  4.50 x 7.25 in.",StillImage,"['Paper', 'Leather']","No copyright - United States; For more information, see:  http://rightsstatements.org/vocab/NoC-US/1.0/",Marbled papers,Berger-Cloonan #10291,https://api.library.tamu.edu/fcrepo/rest/3b/6f/c3/25/3b6fc325-f6ca-41d8-b91e-8c5db3be8c13/berger_cloonan_batch_3_objects/11/pages/page_0/files/10291.jpg,,P1.D4.F3.A
leather bindings (bookbindings),10292A,Openly accessible,2021-06-16T14:14:31.090000+00:00,Texas A & M University. Libraries,Tooled rectangles with flowers at each corner; Not signed. Not stamped; Edges deteriorating; discolored; fragile,19th century [?],reformatted digital,1 brown tooled leather bookcover with zebra marbled paper ; physical dimensions unknown,StillImage,"['Leather', 'Paper']","No copyright - United States; For more information, see:  http://rightsstatements.org/vocab/NoC-US/1.0/",Leather bindings (Bookbinding),Berger-Cloonan #10292A,https://api.library.tamu.edu/fcrepo/rest/3b/6f/c3/25/3b6fc325-f6ca-41d8-b91e-8c5db3be8c13/berger_cloonan_batch_3_objects/12/pages/page_0/files/10292-001.jpg,,P1.D4.F3.A
"['Hair vein marbled papers', 'art reproduction']",11785,Openly accessible,2021-06-16T14:18:22.380000+00:00,Texas A & M University. Libraries,"Surface application; Marbled; P2.D2.F7; inscription on piece: ""UK   c 1913""; Contained in an open clear plastic sleeve; Section(s) from the Decorated and Decorative Paper Terms Thesaurus: VIII.F.4.c; Not signed. Not stamped.; Abrasions on recto; yellowed edges on verso; stained on verso",Circa 1913,reformatted digital,"1 sheet of red, bronze, pink and cream marbled paper; 7.50 x 10.50 in.",StillImage,Paper,"No copyright - United States; For more information, see:  http://rightsstatements.org/vocab/NoC-US/1.0/",Marbled papers,Berger-Cloonan #11785,https://api.library.tamu.edu/fcrepo/rest/3b/6f/c3/25/3b6fc325-f6ca-41d8-b91e-8c5db3be8c13/berger_cloonan_batch_3_objects/29/pages/page_0/files/11785.jpg,,P2.D2.F7.A
"['Spanish random marbled papers', 'art reproduction']",11784,Openly accessible,2021-06-16T14:18:08.802000+00:00,Texas A & M University. Libraries,"Surface application; Marbled; P2.D2.F7; Metallic gold accents; [written in pencil on verso]: ""UK   1880s""; Contained in an open clear plastic sleeve; Section(s) from the Decorated and Decorative Paper Terms Thesaurus: VIII.F.4.e; Not signed. Not stamped.; Slightly creased; curled",1880s,reformatted digital,"1 sheet of red, gold, white and cream marbled paper; 7.00 x 10.50 in.",StillImage,Paper,"No copyright - United States; For more information, see:  http://rightsstatements.org/vocab/NoC-US/1.0/",Marbled papers,Berger-Cloonan #11784,https://api.library.tamu.edu/fcrepo/rest/3b/6f/c3/25/3b6fc325-f6ca-41d8-b91e-8c5db3be8c13/berger_cloonan_batch_3_objects/28/pages/page_0/files/11784.jpg,,P2.D2.F7.A
"['art reproduction', 'Gold gilt papers', 'Laid lines']","['12314', '5432']",Openly accessible,2021-06-16T14:20:53.149000+00:00,Texas A & M University. Libraries,"Distribution of fibers; Surface application; Laid; Printed; P4.D6.F2; Overall pattern of floral design in diamond; gold over green paste; laid paper; [stamped in block on recto]: ""G. N. RENNER & ABEL""; Contained in BASSENGE folder; Not in Haemmerle?; Sidney E. Berger and Michele V. Cloonan purchased the sheet from Bassenge Kunst und Buchauktion (Auction 98, Lot #5432) in 12/2011; Section(s) from the Decorated and Decorative Paper Terms Thesaurus: II.E; VIII.H.1.d.1; Not signed. Stamped.",Circa 1775,reformatted digital,"1 sheet of green, gold and off-white Dutch gilt paper; 13.25 x 15.50 in.",StillImage,Paper,"No copyright - United States; For more information, see:  http://rightsstatements.org/vocab/NoC-US/1.0/",Decorative paper,Berger-Cloonan #12314,https://api.library.tamu.edu/fcrepo/rest/3b/6f/c3/25/3b6fc325-f6ca-41d8-b91e-8c5db3be8c13/berger_cloonan_batch_3_objects/40/pages/page_0/files/12314.jpg,,
"['Block-printed papers', 'art reproduction']",12411,Openly accessible,2021-06-16T14:29:14.168000+00:00,Texas A & M University. Libraries,"Surface application; Printed; P4.D6.F7; Striped pattern with thick and thin stripes; light weight wove paper; inscription on piece: ""1 leaf, 10 [euros] no 17""; Contained in white folded folder; Section(s) from the Decorated and Decorative Paper Terms Thesaurus: VIII.H.1; Not signed. Not stamped. Not stickered. Not embossed.; Small edge tears; creased; discolored edges on verso",Late 18th century,reformatted digital,1 sheet of red and cream block-printed paper; 15.00 x 20.00 in.,StillImage,Paper,"No copyright - United States; For more information, see:  http://rightsstatements.org/vocab/NoC-US/1.0/",Decorative paper,Berger-Cloonan #12411,https://api.library.tamu.edu/fcrepo/rest/3b/6f/c3/25/3b6fc325-f6ca-41d8-b91e-8c5db3be8c13/berger_cloonan_batch_3_objects/76/pages/page_0/files/12411.jpg,Italy,
"['Block-printed papers', 'art reproduction']",12410,Openly accessible,2021-06-16T14:29:00.487000+00:00,Texas A & M University. Libraries,"Surface application; Printed; P4.D6.F7; Light weight paper with high gloss varnish finish; overall delicate floral spray pattern; inscription on piece: ""1 leaf, 15 [euros], no 18""; Contained in white folded folder; Section(s) from the Decorated and Decorative Paper Terms Thesaurus: VIII.H.1; Not signed. Not stamped. Not stickered. Not embossed.; Torn edges; creased",Late 18th century,reformatted digital,"1 sheet of yellow, black and cream block-printed paper; 14.75 x 17.50 in.",StillImage,Paper,"No copyright - United States; For more information, see:  http://rightsstatements.org/vocab/NoC-US/1.0/",Decorative paper,Berger-Cloonan #12410,https://api.library.tamu.edu/fcrepo/rest/3b/6f/c3/25/3b6fc325-f6ca-41d8-b91e-8c5db3be8c13/berger_cloonan_batch_3_objects/75/pages/page_0/files/12410.jpg,Italy,
"['Printed papers', 'art reproduction']",12415,Openly accessible,2021-06-16T14:30:09.146000+00:00,Texas A & M University. Libraries,"Surface application; Printed; P4.D6.F7; Pastoral landscape scene with 3 genteel ladies and a servant with a brace of birds; hand colored or tipped on wove paper; mounted on plain cream backing; inscription on piece: ""A. Charpentien""; Contained in stiff, clear plastic sleeve; Section(s) from the Decorated and Decorative Paper Terms Thesaurus: VIII.H; Signed. Not stamped. Not stickered. Not embossed.; Mounting paper discolored and stained on recto with dark remnants of further mounting on verso; wrinkled",Early 19th century,reformatted digital,"1 sheet of blue, yellow, pink, red, brown, green, white, black and tan printed paper; 10.25 x 7.00 in.",StillImage,Paper,"No copyright - United States; For more information, see:  http://rightsstatements.org/vocab/NoC-US/1.0/",Decorative paper,Berger-Cloonan #12415,https://api.library.tamu.edu/fcrepo/rest/3b/6f/c3/25/3b6fc325-f6ca-41d8-b91e-8c5db3be8c13/berger_cloonan_batch_3_objects/80/pages/page_0/files/12415.jpg,,
"['Block-printed papers', 'art reproduction']",11771,Openly accessible,2021-06-16T14:17:14.226000+00:00,Texas A & M University. Libraries,"Surface application; Printed; P2.D2.F7; Overall decorative geometric design;  affixed at one edge to a plain sheet of brown paper; [written in pencil on verso of brown sheet]: ""ENGLISH WARD, LOCK BOWDON 1893""; Contained in an open clear plastic sleeve; Section(s) from the Decorated and Decorative Paper Terms Thesaurus: VIII.H.1; Not signed. Not stamped.; Edge tears; yellowed edges on recto and verso; spot stains on recto",1893,reformatted digital,1 sheet of light gray and cream printed paper; 4.50 x 6.75 in.,StillImage,Paper,"No copyright - United States; For more information, see:  http://rightsstatements.org/vocab/NoC-US/1.0/","['Decorative paper', 'Block printing']",Berger-Cloonan #11771,https://api.library.tamu.edu/fcrepo/rest/3b/6f/c3/25/3b6fc325-f6ca-41d8-b91e-8c5db3be8c13/berger_cloonan_batch_3_objects/24/pages/page_0/files/11771.jpg,,P2.D2.F7.A
