subject_local,date_created,geographic_subject_local,genre_form_local,rights_statement,date_digital_creation,contributor,digital_publisher,title,format,Image
"['Portraits', 'Medical students', 'Texas--College Station', 'Texas A & M University. College of Medicine', 'Pictorial works']",2012,"['United States', 'College Station (Tex.)', 'Texas']","['Portraits', 'Photographs', 'StillImage']",In copyright - Educational use permitted; For more information about rights and restrictions relating to this resource go to: http//rightstatement.org/vocab/InC-EDU/1.0/,2020-11-20T17:10:29.216000+00:00,Texas A & M University. College of Medicine,Texas A & M University. Libraries,"Class of 2012, Texas A&M Health Science Center College of Medicine",reformatted digital,https://api.library.tamu.edu/fcrepo/rest/a6/f0/55/01/a6f05501-9312-4fd5-a167-f7ce2fa28ca6/com_class_rosters_objects/33/pages/page_0/files/COMClass2012.jpg
"['Pictorial works', 'Portraits', 'Medical students', 'Texas--College Station', 'Texas A & M University. College of Medicine']",2010,"['Texas', 'United States', 'College Station (Tex.)']","['Portraits', 'Photographs', 'StillImage']",In copyright - Educational use permitted; For more information about rights and restrictions relating to this resource go to: http//rightstatement.org/vocab/InC-EDU/1.0/,2020-11-20T17:10:02.083000+00:00,Texas A & M University. College of Medicine,Texas A & M University. Libraries,"Class of 2010, Texas A&M Health Science Center College of Medicine",reformatted digital,https://api.library.tamu.edu/fcrepo/rest/a6/f0/55/01/a6f05501-9312-4fd5-a167-f7ce2fa28ca6/com_class_rosters_objects/31/pages/page_0/files/COMClass2010.jpg
"['Texas--College Station', 'Texas A & M University. College of Medicine', 'Pictorial works', 'Portraits', 'Medical students']",2007,"['College Station (Tex.)', 'Texas', 'United States']","['StillImage', 'Portraits', 'Photographs']",In copyright - Educational use permitted; For more information about rights and restrictions relating to this resource go to: http//rightstatement.org/vocab/InC-EDU/1.0/,2020-11-20T17:09:07.847000+00:00,Texas A & M University. College of Medicine,Texas A & M University. Libraries,"Class of 2007, Texas A&M Health Science Center College of Medicine",reformatted digital,https://api.library.tamu.edu/fcrepo/rest/a6/f0/55/01/a6f05501-9312-4fd5-a167-f7ce2fa28ca6/com_class_rosters_objects/28/pages/page_0/files/COMClass2007.jpg
"['Texas--College Station', 'Texas A & M University. College of Medicine', 'Pictorial works', 'Portraits', 'Medical students']",1997,"['College Station (Tex.)', 'Texas', 'United States']","['StillImage', 'Portraits', 'Photographs']",In copyright - Educational use permitted; For more information about rights and restrictions relating to this resource go to: http//rightstatement.org/vocab/InC-EDU/1.0/,2020-11-20T17:06:38.621000+00:00,Texas A & M University. College of Medicine,Texas A & M University. Libraries,"Class of 1997, Texas A&M University College of Medicine",reformatted digital,https://api.library.tamu.edu/fcrepo/rest/a6/f0/55/01/a6f05501-9312-4fd5-a167-f7ce2fa28ca6/com_class_rosters_objects/18/pages/page_0/files/COMClass1997.jpg
"['Portraits', 'Medical students', 'Texas--College Station', 'Texas A & M University. College of Medicine', 'Pictorial works']",1995,"['Texas', 'United States', 'College Station (Tex.)']","['Portraits', 'Photographs', 'StillImage']",In copyright - Educational use permitted; For more information about rights and restrictions relating to this resource go to: http//rightstatement.org/vocab/InC-EDU/1.0/,2020-11-20T17:06:11.240000+00:00,Texas A & M University. College of Medicine,Texas A & M University. Libraries,"Class of 1995, Texas A&M University College of Medicine",reformatted digital,https://api.library.tamu.edu/fcrepo/rest/a6/f0/55/01/a6f05501-9312-4fd5-a167-f7ce2fa28ca6/com_class_rosters_objects/16/pages/page_0/files/COMClass1995.jpg
"['Pictorial works', 'Portraits', 'Medical students', 'Texas--College Station', 'Texas A & M University. College of Medicine']",1984,"['Texas', 'United States', 'College Station (Tex.)']","['StillImage', 'Portraits', 'Photographs']",In copyright - Educational use permitted; For more information about rights and restrictions relating to this resource go to: http//rightstatement.org/vocab/InC-EDU/1.0/,2020-11-20T17:11:23.535000+00:00,Texas A & M University. College of Medicine,Texas A & M University. Libraries,"Class of 1984, Texas A&M University College of Medicine",reformatted digital,https://api.library.tamu.edu/fcrepo/rest/a6/f0/55/01/a6f05501-9312-4fd5-a167-f7ce2fa28ca6/com_class_rosters_objects/5/pages/page_0/files/COMClass1984.jpg
"['Pictorial works', 'Portraits', 'Medical students', 'Texas--College Station', 'Texas A & M University. College of Medicine']",1994,"['College Station (Tex.)', 'Texas', 'United States']","['StillImage', 'Portraits', 'Photographs']",In copyright - Educational use permitted; For more information about rights and restrictions relating to this resource go to: http//rightstatement.org/vocab/InC-EDU/1.0/,2020-11-20T17:05:57.480000+00:00,Texas A & M University. College of Medicine,Texas A & M University. Libraries,"Class of 1994, Texas A&M University College of Medicine",reformatted digital,https://api.library.tamu.edu/fcrepo/rest/a6/f0/55/01/a6f05501-9312-4fd5-a167-f7ce2fa28ca6/com_class_rosters_objects/15/pages/page_0/files/COMClass1994.jpg
"['Medical students', 'Texas--College Station', 'Texas A & M University. College of Medicine', 'Pictorial works', 'Portraits']",1983,"['United States', 'College Station (Tex.)', 'Texas']","['Portraits', 'Photographs', 'StillImage']",In copyright - Educational use permitted; For more information about rights and restrictions relating to this resource go to: http//rightstatement.org/vocab/InC-EDU/1.0/,2020-11-20T17:11:09.934000+00:00,Texas A & M University. College of Medicine,Texas A & M University. Libraries,"Class of 1983, Texas A&M University College of Medicine",reformatted digital,https://api.library.tamu.edu/fcrepo/rest/a6/f0/55/01/a6f05501-9312-4fd5-a167-f7ce2fa28ca6/com_class_rosters_objects/4/pages/page_0/files/COMClass1983.jpg
"['Pictorial works', 'Portraits', 'Medical students', 'Texas--College Station', 'Texas A & M University. College of Medicine']",1992,"['Texas', 'United States', 'College Station (Tex.)']","['Portraits', 'Photographs', 'StillImage']",In copyright - Educational use permitted; For more information about rights and restrictions relating to this resource go to: http//rightstatement.org/vocab/InC-EDU/1.0/,2020-11-20T17:05:29.633000+00:00,Texas A & M University. College of Medicine,Texas A & M University. Libraries,"Class of 1992, Texas A&M University College of Medicine",reformatted digital,https://api.library.tamu.edu/fcrepo/rest/a6/f0/55/01/a6f05501-9312-4fd5-a167-f7ce2fa28ca6/com_class_rosters_objects/13/pages/page_0/files/COMClass1992.jpg
"['Texas--College Station', 'Texas A & M University. College of Medicine', 'Pictorial works', 'Portraits', 'Medical students']",1981,"['College Station (Tex.)', 'Texas', 'United States']","['StillImage', 'Portraits', 'Photographs']",In copyright - Educational use permitted; For more information about rights and restrictions relating to this resource go to: http//rightstatement.org/vocab/InC-EDU/1.0/,2020-11-20T17:07:05.734000+00:00,Texas A & M University. College of Medicine,Texas A & M University. Libraries,"Class of 1981, Texas A&M University College of Medicine",reformatted digital,https://api.library.tamu.edu/fcrepo/rest/a6/f0/55/01/a6f05501-9312-4fd5-a167-f7ce2fa28ca6/com_class_rosters_objects/2/pages/page_0/files/COMClass1981.jpg
"['Texas--College Station', 'Texas A & M University. College of Medicine', 'Pictorial works', 'Portraits', 'Medical students']",2000,"['College Station (Tex.)', 'Texas', 'United States']","['StillImage', 'Portraits', 'Photographs']",In copyright - Educational use permitted; For more information about rights and restrictions relating to this resource go to: http//rightstatement.org/vocab/InC-EDU/1.0/,2020-11-20T17:07:32.834000+00:00,Texas A & M University. College of Medicine,Texas A & M University. Libraries,"Class of 2000, Texas A&M University System Health Science Center College of Medicine",reformatted digital,https://api.library.tamu.edu/fcrepo/rest/a6/f0/55/01/a6f05501-9312-4fd5-a167-f7ce2fa28ca6/com_class_rosters_objects/21/pages/page_0/files/COMClass2000.jpg
"['Pictorial works', 'Portraits', 'Medical students', 'Texas--College Station', 'Texas A & M University. College of Medicine']",1988,"['Texas', 'United States', 'College Station (Tex.)']","['Portraits', 'Photographs', 'StillImage']",In copyright - Educational use permitted; For more information about rights and restrictions relating to this resource go to: http//rightstatement.org/vocab/InC-EDU/1.0/,2020-11-20T17:12:17.512000+00:00,Texas A & M University. College of Medicine,Texas A & M University. Libraries,"Class of 1988, Texas A&M University College of Medicine",reformatted digital,https://api.library.tamu.edu/fcrepo/rest/a6/f0/55/01/a6f05501-9312-4fd5-a167-f7ce2fa28ca6/com_class_rosters_objects/9/pages/page_0/files/COMClass1988.jpg
"['Medical students', 'Texas--College Station', 'Texas A & M University. College of Medicine', 'Pictorial works', 'Portraits']",1987,"['College Station (Tex.)', 'Texas', 'United States']","['Photographs', 'StillImage', 'Portraits']",In copyright - Educational use permitted; For more information about rights and restrictions relating to this resource go to: http//rightstatement.org/vocab/InC-EDU/1.0/,2020-11-20T17:12:04.003000+00:00,Texas A & M University. College of Medicine,Texas A & M University. Libraries,"Class of 1987, Texas A&M University College of Medicine",reformatted digital,https://api.library.tamu.edu/fcrepo/rest/a6/f0/55/01/a6f05501-9312-4fd5-a167-f7ce2fa28ca6/com_class_rosters_objects/8/pages/page_0/files/COMClass1987.jpg
"['Medical students', 'Texas--College Station', 'Texas A & M University. College of Medicine', 'Pictorial works', 'Portraits']",2011,"['United States', 'College Station (Tex.)', 'Texas']","['Portraits', 'Photographs', 'StillImage']",In copyright - Educational use permitted; For more information about rights and restrictions relating to this resource go to: http//rightstatement.org/vocab/InC-EDU/1.0/,2020-11-20T17:10:15.639000+00:00,Texas A & M University. College of Medicine,Texas A & M University. Libraries,"Class of 2011, Texas A&M Health Science Center College of Medicine",reformatted digital,https://api.library.tamu.edu/fcrepo/rest/a6/f0/55/01/a6f05501-9312-4fd5-a167-f7ce2fa28ca6/com_class_rosters_objects/32/pages/page_0/files/COMClass2011.jpg
"['Medical students', 'Texas--College Station', 'Texas A & M University. College of Medicine', 'Pictorial works', 'Portraits']",2008,"['United States', 'College Station (Tex.)', 'Texas']","['Portraits', 'Photographs', 'StillImage']",In copyright - Educational use permitted; For more information about rights and restrictions relating to this resource go to: http//rightstatement.org/vocab/InC-EDU/1.0/,2020-11-20T17:09:21.532000+00:00,Texas A & M University. College of Medicine,Texas A & M University. Libraries,"Class of 2008, Texas A&M Health Science Center College of Medicine",reformatted digital,https://api.library.tamu.edu/fcrepo/rest/a6/f0/55/01/a6f05501-9312-4fd5-a167-f7ce2fa28ca6/com_class_rosters_objects/29/pages/page_0/files/COMClass2008.jpg
"['Pictorial works', 'Portraits', 'Medical students', 'Texas--College Station', 'Texas A & M University. College of Medicine']",2009,"['United States', 'College Station (Tex.)', 'Texas']","['Portraits', 'Photographs', 'StillImage']",In copyright - Educational use permitted; For more information about rights and restrictions relating to this resource go to: http//rightstatement.org/vocab/InC-EDU/1.0/,2020-11-20T17:09:48.544000+00:00,Texas A & M University. College of Medicine,Texas A & M University. Libraries,"Class of 2009, Texas A&M Health Science Center College of Medicine",reformatted digital,https://api.library.tamu.edu/fcrepo/rest/a6/f0/55/01/a6f05501-9312-4fd5-a167-f7ce2fa28ca6/com_class_rosters_objects/30/pages/page_0/files/COMClass2009.jpg
"['Texas--College Station', 'Texas A & M University. College of Medicine', 'Pictorial works', 'Portraits', 'Medical students']",2006,"['College Station (Tex.)', 'Texas', 'United States']","['StillImage', 'Portraits', 'Photographs']",In copyright - Educational use permitted; For more information about rights and restrictions relating to this resource go to: http//rightstatement.org/vocab/InC-EDU/1.0/,2020-11-20T17:08:54.279000+00:00,Texas A & M University. College of Medicine,Texas A & M University. Libraries,"Class of 2006, Texas A&M Health Science Center College of Medicine",reformatted digital,https://api.library.tamu.edu/fcrepo/rest/a6/f0/55/01/a6f05501-9312-4fd5-a167-f7ce2fa28ca6/com_class_rosters_objects/27/pages/page_0/files/COMClass2006.jpg
"['Pictorial works', 'Portraits', 'Medical students', 'Texas--College Station', 'Texas A & M University. College of Medicine']",2005,"['Texas', 'United States', 'College Station (Tex.)']","['Portraits', 'Photographs', 'StillImage']",In copyright - Educational use permitted; For more information about rights and restrictions relating to this resource go to: http//rightstatement.org/vocab/InC-EDU/1.0/,2020-11-20T17:08:40.786000+00:00,Texas A & M University. College of Medicine,Texas A & M University. Libraries,"Class of 2005, Texas A&M University System Health Science Center College of Medicine",reformatted digital,https://api.library.tamu.edu/fcrepo/rest/a6/f0/55/01/a6f05501-9312-4fd5-a167-f7ce2fa28ca6/com_class_rosters_objects/26/pages/page_0/files/COMClass2005.jpg
"['Pictorial works', 'Portraits', 'Medical students', 'Texas--College Station', 'Texas A & M University. College of Medicine']",2003,"['Texas', 'United States', 'College Station (Tex.)']","['Portraits', 'Photographs', 'StillImage']",In copyright - Educational use permitted; For more information about rights and restrictions relating to this resource go to: http//rightstatement.org/vocab/InC-EDU/1.0/,2020-11-20T17:08:13.647000+00:00,Texas A & M University. College of Medicine,Texas A & M University. Libraries,"Class of 2003, Texas A&M University System Health Science Center College of Medicine",reformatted digital,https://api.library.tamu.edu/fcrepo/rest/a6/f0/55/01/a6f05501-9312-4fd5-a167-f7ce2fa28ca6/com_class_rosters_objects/24/pages/page_0/files/COMClass2003.jpg
"['Medical students', 'Texas--College Station', 'Texas A & M University. College of Medicine', 'Pictorial works', 'Portraits']",1993,"['United States', 'College Station (Tex.)', 'Texas']","['Portraits', 'Photographs', 'StillImage']",In copyright - Educational use permitted; For more information about rights and restrictions relating to this resource go to: http//rightstatement.org/vocab/InC-EDU/1.0/,2020-11-20T17:05:43.594000+00:00,Texas A & M University. College of Medicine,Texas A & M University. Libraries,"Class of 1993, Texas A&M University College of Medicine",reformatted digital,https://api.library.tamu.edu/fcrepo/rest/a6/f0/55/01/a6f05501-9312-4fd5-a167-f7ce2fa28ca6/com_class_rosters_objects/14/pages/page_0/files/COMClass1993.jpg
"['Pictorial works', 'Portraits', 'Medical students', 'Texas--College Station', 'Texas A & M University. College of Medicine']",1982,"['Texas', 'United States', 'College Station (Tex.)']","['Portraits', 'Photographs', 'StillImage']",In copyright - Educational use permitted; For more information about rights and restrictions relating to this resource go to: http//rightstatement.org/vocab/InC-EDU/1.0/,2020-11-20T17:09:34.993000+00:00,Texas A & M University. College of Medicine,Texas A & M University. Libraries,"Class of 1982, Texas A&M University College of Medicine",reformatted digital,https://api.library.tamu.edu/fcrepo/rest/a6/f0/55/01/a6f05501-9312-4fd5-a167-f7ce2fa28ca6/com_class_rosters_objects/3/pages/page_0/files/COMClass1982.jpg
"['Medical students', 'Texas--College Station', 'Texas A & M University. College of Medicine', 'Pictorial works', 'Portraits']",1991,"['United States', 'College Station (Tex.)', 'Texas']","['Portraits', 'Photographs', 'StillImage']",In copyright - Educational use permitted; For more information about rights and restrictions relating to this resource go to: http//rightstatement.org/vocab/InC-EDU/1.0/,2020-11-20T17:05:15.731000+00:00,Texas A & M University. College of Medicine,Texas A & M University. Libraries,"Class of 1991, Texas A&M University College of Medicine",reformatted digital,https://api.library.tamu.edu/fcrepo/rest/a6/f0/55/01/a6f05501-9312-4fd5-a167-f7ce2fa28ca6/com_class_rosters_objects/12/pages/page_0/files/COMClass1991.jpg
"['Medical students', 'Texas--College Station', 'Texas A & M University. College of Medicine', 'Pictorial works', 'Portraits']",1990,"['United States', 'College Station (Tex.)', 'Texas']","['Portraits', 'Photographs', 'StillImage']",In copyright - Educational use permitted; For more information about rights and restrictions relating to this resource go to: http//rightstatement.org/vocab/InC-EDU/1.0/,2020-11-20T17:05:02.083000+00:00,Texas A & M University. College of Medicine,Texas A & M University. Libraries,"Class of 1990, Texas A&M University College of Medicine",reformatted digital,https://api.library.tamu.edu/fcrepo/rest/a6/f0/55/01/a6f05501-9312-4fd5-a167-f7ce2fa28ca6/com_class_rosters_objects/11/pages/page_0/files/COMClass1990.jpg
"['Texas--College Station', 'Texas A & M University. College of Medicine', 'Pictorial works', 'Portraits', 'Medical students']",1986,"['College Station (Tex.)', 'Texas', 'United States']","['StillImage', 'Portraits', 'Photographs']",In copyright - Educational use permitted; For more information about rights and restrictions relating to this resource go to: http//rightstatement.org/vocab/InC-EDU/1.0/,2020-11-20T17:11:50.488000+00:00,Texas A & M University. College of Medicine,Texas A & M University. Libraries,"Class of 1986, Texas A&M University College of Medicine",reformatted digital,https://api.library.tamu.edu/fcrepo/rest/a6/f0/55/01/a6f05501-9312-4fd5-a167-f7ce2fa28ca6/com_class_rosters_objects/7/pages/page_0/files/COMClass1986.jpg
"['Medical students', 'Texas--College Station', 'Texas A & M University. College of Medicine', 'Pictorial works', 'Portraits']",2014,"['College Station (Tex.)', 'Texas', 'United States']","['Photographs', 'StillImage', 'Portraits']",In copyright - Educational use permitted; For more information about rights and restrictions relating to this resource go to: http//rightstatement.org/vocab/InC-EDU/1.0/,2020-11-20T17:10:56.453000+00:00,Texas A & M University. College of Medicine,Texas A & M University. Libraries,"Class of 2014, Texas A&M Health Science Center College of Medicine",reformatted digital,https://api.library.tamu.edu/fcrepo/rest/a6/f0/55/01/a6f05501-9312-4fd5-a167-f7ce2fa28ca6/com_class_rosters_objects/35/pages/page_0/files/COMClass2014.jpg
"['Texas--College Station', 'Texas A & M University. College of Medicine', 'Pictorial works', 'Portraits', 'Medical students']",1998,"['College Station (Tex.)', 'Texas', 'United States']","['StillImage', 'Portraits', 'Photographs']",In copyright - Educational use permitted; For more information about rights and restrictions relating to this resource go to: http//rightstatement.org/vocab/InC-EDU/1.0/,2020-11-20T17:06:52.211000+00:00,Texas A & M University. College of Medicine,Texas A & M University. Libraries,"Class of 1998, Texas A&M University College of Medicine",reformatted digital,https://api.library.tamu.edu/fcrepo/rest/a6/f0/55/01/a6f05501-9312-4fd5-a167-f7ce2fa28ca6/com_class_rosters_objects/19/pages/page_0/files/COMClass1998.jpg
"['Medical students', 'Texas--College Station', 'Texas A & M University. College of Medicine', 'Pictorial works', 'Portraits']",1996,"['United States', 'College Station (Tex.)', 'Texas']","['Portraits', 'Photographs', 'StillImage']",In copyright - Educational use permitted; For more information about rights and restrictions relating to this resource go to: http//rightstatement.org/vocab/InC-EDU/1.0/,2020-11-20T17:06:24.940000+00:00,Texas A & M University. College of Medicine,Texas A & M University. Libraries,"Class of 1996, Texas A&M University College of Medicine",reformatted digital,https://api.library.tamu.edu/fcrepo/rest/a6/f0/55/01/a6f05501-9312-4fd5-a167-f7ce2fa28ca6/com_class_rosters_objects/17/pages/page_0/files/COMClass1996.jpg
"['Pictorial works', 'Portraits', 'Medical students', 'Texas--College Station', 'Texas A & M University. College of Medicine']",1985,"['College Station (Tex.)', 'Texas', 'United States']","['StillImage', 'Portraits', 'Photographs']",In copyright - Educational use permitted; For more information about rights and restrictions relating to this resource go to: http//rightstatement.org/vocab/InC-EDU/1.0/,2020-11-20T17:11:37.020000+00:00,Texas A & M University. College of Medicine,Texas A & M University. Libraries,"Class of 1985, Texas A&M University College of Medicine",reformatted digital,https://api.library.tamu.edu/fcrepo/rest/a6/f0/55/01/a6f05501-9312-4fd5-a167-f7ce2fa28ca6/com_class_rosters_objects/6/pages/page_0/files/COMClass1985.jpg
"['Medical students', 'Texas--College Station', 'Texas A & M University. College of Medicine', 'Pictorial works', 'Portraits']",2004,"['College Station (Tex.)', 'Texas', 'United States']","['Photographs', 'StillImage', 'Portraits']",In copyright - Educational use permitted; For more information about rights and restrictions relating to this resource go to: http//rightstatement.org/vocab/InC-EDU/1.0/,2020-11-20T17:08:27.266000+00:00,Texas A & M University. College of Medicine,Texas A & M University. Libraries,"Class of 2004, Texas A&M University System Health Science Center College of Medicine",reformatted digital,https://api.library.tamu.edu/fcrepo/rest/a6/f0/55/01/a6f05501-9312-4fd5-a167-f7ce2fa28ca6/com_class_rosters_objects/25/pages/page_0/files/COMClass2004.jpg
"['Portraits', 'Medical students', 'Texas--College Station', 'Texas A & M University. College of Medicine', 'Pictorial works']",2002,"['United States', 'College Station (Tex.)', 'Texas']","['Portraits', 'Photographs', 'StillImage']",In copyright - Educational use permitted; For more information about rights and restrictions relating to this resource go to: http//rightstatement.org/vocab/InC-EDU/1.0/,2020-11-20T17:07:59.983000+00:00,Texas A & M University. College of Medicine,Texas A & M University. Libraries,"Class of 2002, Texas A&M University System Health Science Center College of Medicine",reformatted digital,https://api.library.tamu.edu/fcrepo/rest/a6/f0/55/01/a6f05501-9312-4fd5-a167-f7ce2fa28ca6/com_class_rosters_objects/23/pages/page_0/files/COMClass2002.jpg
"['Pictorial works', 'Portraits', 'Medical students', 'Texas--College Station', 'Texas A & M University. College of Medicine']",2001,"['Texas', 'United States', 'College Station (Tex.)']","['Portraits', 'Photographs', 'StillImage']",In copyright - Educational use permitted; For more information about rights and restrictions relating to this resource go to: http//rightstatement.org/vocab/InC-EDU/1.0/,2020-11-20T17:07:46.347000+00:00,Texas A & M University. College of Medicine,Texas A & M University. Libraries,"Class of 2001, Texas A&M University System Health Science Center College of Medicine",reformatted digital,https://api.library.tamu.edu/fcrepo/rest/a6/f0/55/01/a6f05501-9312-4fd5-a167-f7ce2fa28ca6/com_class_rosters_objects/22/pages/page_0/files/COMClass2001.jpg
"['Texas--College Station', 'Texas A & M University. College of Medicine', 'Pictorial works', 'Portraits', 'Medical students']",1999,"['College Station (Tex.)', 'Texas', 'United States']","['StillImage', 'Portraits', 'Photographs']",In copyright - Educational use permitted; For more information about rights and restrictions relating to this resource go to: http//rightstatement.org/vocab/InC-EDU/1.0/,2020-11-20T17:07:19.301000+00:00,Texas A & M University. College of Medicine,Texas A & M University. Libraries,"Class of 1999, Texas A&M University College of Medicine",reformatted digital,https://api.library.tamu.edu/fcrepo/rest/a6/f0/55/01/a6f05501-9312-4fd5-a167-f7ce2fa28ca6/com_class_rosters_objects/20/pages/page_0/files/COMClass1999.jpg
"['Texas--College Station', 'Texas A & M University. College of Medicine', 'Pictorial works', 'Portraits', 'Medical students']",1989,"['College Station (Tex.)', 'Texas', 'United States']","['StillImage', 'Portraits', 'Photographs']",In copyright - Educational use permitted; For more information about rights and restrictions relating to this resource go to: http//rightstatement.org/vocab/InC-EDU/1.0/,2020-11-20T17:04:48.072000+00:00,Texas A & M University. College of Medicine,Texas A & M University. Libraries,"Class of 1989, Texas A&M University College of Medicine",reformatted digital,https://api.library.tamu.edu/fcrepo/rest/a6/f0/55/01/a6f05501-9312-4fd5-a167-f7ce2fa28ca6/com_class_rosters_objects/10/pages/page_0/files/COMClass1989.jpg
"['Pictorial works', 'Portraits', 'Medical students', 'Texas--College Station', 'Texas A & M University. College of Medicine']",2013,"['Texas', 'United States', 'College Station (Tex.)']","['StillImage', 'Portraits', 'Photographs']",In copyright - Educational use permitted; For more information about rights and restrictions relating to this resource go to: http//rightstatement.org/vocab/InC-EDU/1.0/,2020-11-20T17:10:42.895000+00:00,Texas A & M University. College of Medicine,Texas A & M University. Libraries,"Class of 2013, Texas A&M Health Science Center College of Medicine",reformatted digital,https://api.library.tamu.edu/fcrepo/rest/a6/f0/55/01/a6f05501-9312-4fd5-a167-f7ce2fa28ca6/com_class_rosters_objects/34/pages/page_0/files/COMClass2013.jpg
