title,identifier,date_digital_creation,Video
SL4F00178,hernan-conteras_016,2025-07-14T13:38:34.646000+00:00,https://api-pre.library.tamu.edu/fcrepo/rest/bb/97/f2/3e/bb97f23e-803a-4bd6-8406-06802623554c/saf-output_objects/35/pages/page_0/files/hernan-conteras_016_access.mp3
SL4F00182,hernan-conteras_019,2025-07-14T13:38:42.706000+00:00,https://api-pre.library.tamu.edu/fcrepo/rest/bb/97/f2/3e/bb97f23e-803a-4bd6-8406-06802623554c/saf-output_objects/38/pages/page_0/files/hernan-conteras_019_access.mp3
Apollo 15 - EVA #3,hernan-conteras_001,2025-07-14T13:37:45.843000+00:00,https://api-pre.library.tamu.edu/fcrepo/rest/bb/97/f2/3e/bb97f23e-803a-4bd6-8406-06802623554c/saf-output_objects/20/pages/page_0/files/hernan-conteras_001_access.mp3
NASA Special Report #237: The Flight of Discovery,gerald-griffin_021b,2025-07-14T13:37:26.660000+00:00,https://api-pre.library.tamu.edu/fcrepo/rest/bb/97/f2/3e/bb97f23e-803a-4bd6-8406-06802623554c/saf-output_objects/15/pages/page_0/files/gerald-griffin_021b_access.mp3
NASA Space Stories 1084-1087,gerald-griffin_023a,2025-07-14T13:37:48.741000+00:00,https://api-pre.library.tamu.edu/fcrepo/rest/bb/97/f2/3e/bb97f23e-803a-4bd6-8406-06802623554c/saf-output_objects/18/pages/page_0/files/gerald-griffin_023a_access.mp3
Press Conference with Bob Crippen and John Young after first STS-1 flight - Part 2,gerald-griffin_018b,2025-07-14T13:37:01.986000+00:00,https://api-pre.library.tamu.edu/fcrepo/rest/bb/97/f2/3e/bb97f23e-803a-4bd6-8406-06802623554c/saf-output_objects/10/pages/page_0/files/gerald-griffin_018b_access.mp3
Apollo 15 -- 6,hernan-conteras_004,2025-07-14T13:37:56.056000+00:00,https://api-pre.library.tamu.edu/fcrepo/rest/bb/97/f2/3e/bb97f23e-803a-4bd6-8406-06802623554c/saf-output_objects/23/pages/page_0/files/hernan-conteras_004_access.mp3
Apollo 16 - - 9,hernan-conteras_007,2025-07-14T13:38:05.687000+00:00,https://api-pre.library.tamu.edu/fcrepo/rest/bb/97/f2/3e/bb97f23e-803a-4bd6-8406-06802623554c/saf-output_objects/26/pages/page_0/files/hernan-conteras_007_access.mp3
"Flying the Apollo Missions, part 1",gerald-griffin_002,2025-07-14T13:38:49.123000+00:00,https://api-pre.library.tamu.edu/fcrepo/rest/bb/97/f2/3e/bb97f23e-803a-4bd6-8406-06802623554c/saf-output_objects/3/pages/page_0/files/gerald-griffin_002_access.mp3
"Flying the Apollo Missions, part 2",gerald-griffin_003,2025-07-14T13:38:54.325000+00:00,https://api-pre.library.tamu.edu/fcrepo/rest/bb/97/f2/3e/bb97f23e-803a-4bd6-8406-06802623554c/saf-output_objects/4/pages/page_0/files/gerald-griffin_003_access.mp3
Memorial Service for Alan B. Shepard Jr,gerald-griffin_013,2025-07-14T13:39:41.392000+00:00,https://api-pre.library.tamu.edu/fcrepo/rest/bb/97/f2/3e/bb97f23e-803a-4bd6-8406-06802623554c/saf-output_objects/7/pages/page_0/files/gerald-griffin_013_access.mp3
"Apollo XII ""The Intrepid Voyage""",gerald-griffin_004,2025-07-14T13:39:10.996000+00:00,https://api-pre.library.tamu.edu/fcrepo/rest/bb/97/f2/3e/bb97f23e-803a-4bd6-8406-06802623554c/saf-output_objects/42/pages/page_0/files/gerald-griffin_004_access.mp3
Apollo 13: The Untold Story,gerald-griffin_005,2025-07-14T13:39:06.539000+00:00,https://api-pre.library.tamu.edu/fcrepo/rest/bb/97/f2/3e/bb97f23e-803a-4bd6-8406-06802623554c/saf-output_objects/43/pages/page_0/files/gerald-griffin_005_access.mp3
"""The Challenge""",gerald-griffin_010,2025-07-14T13:39:12.303000+00:00,https://api-pre.library.tamu.edu/fcrepo/rest/bb/97/f2/3e/bb97f23e-803a-4bd6-8406-06802623554c/saf-output_objects/46/pages/page_0/files/gerald-griffin_010_access.mp3
"SS 1704 ""Apollo II. . .15th Anniversary"" NASA Special Report #236: Apollo II. . .an anniversary program with sound effects",gerald-griffin_020b,2025-07-14T13:37:29.225000+00:00,https://api-pre.library.tamu.edu/fcrepo/rest/bb/97/f2/3e/bb97f23e-803a-4bd6-8406-06802623554c/saf-output_objects/13/pages/page_0/files/gerald-griffin_020b_access.mp3
SL3F00120,hernan-conteras_009,2025-07-14T13:38:12.616000+00:00,https://api-pre.library.tamu.edu/fcrepo/rest/bb/97/f2/3e/bb97f23e-803a-4bd6-8406-06802623554c/saf-output_objects/28/pages/page_0/files/hernan-conteras_009_access.mp3
SL4F00172,hernan-conteras_014,2025-07-14T13:38:28.110000+00:00,https://api-pre.library.tamu.edu/fcrepo/rest/bb/97/f2/3e/bb97f23e-803a-4bd6-8406-06802623554c/saf-output_objects/33/pages/page_0/files/hernan-conteras_014_access.mp3
SL4F00180,hernan-conteras_017,2025-07-14T13:38:37.445000+00:00,https://api-pre.library.tamu.edu/fcrepo/rest/bb/97/f2/3e/bb97f23e-803a-4bd6-8406-06802623554c/saf-output_objects/36/pages/page_0/files/hernan-conteras_017_access.mp3
Columbia Final Mission,gerald-griffin_015,2025-07-14T13:39:23.198000+00:00,https://api-pre.library.tamu.edu/fcrepo/rest/bb/97/f2/3e/bb97f23e-803a-4bd6-8406-06802623554c/saf-output_objects/49/pages/page_0/files/gerald-griffin_015_access.mp3
NASA Space Stories 1080-1083,gerald-griffin_022a,2025-07-14T13:37:39.693000+00:00,https://api-pre.library.tamu.edu/fcrepo/rest/bb/97/f2/3e/bb97f23e-803a-4bd6-8406-06802623554c/saf-output_objects/16/pages/page_0/files/gerald-griffin_022a_access.mp3
Apollo 15 -- 1,hernan-conteras_002,2025-07-14T13:37:48.927000+00:00,https://api-pre.library.tamu.edu/fcrepo/rest/bb/97/f2/3e/bb97f23e-803a-4bd6-8406-06802623554c/saf-output_objects/21/pages/page_0/files/hernan-conteras_002_access.mp3
Apollo 15 -- 9,hernan-conteras_005,2025-07-14T13:38:01.696000+00:00,https://api-pre.library.tamu.edu/fcrepo/rest/bb/97/f2/3e/bb97f23e-803a-4bd6-8406-06802623554c/saf-output_objects/24/pages/page_0/files/hernan-conteras_005_access.mp3
Clayton Memorial Lecture Space Shuttle Orbiter,gerald-griffin_016,2025-07-14T13:39:35.700000+00:00,https://api-pre.library.tamu.edu/fcrepo/rest/bb/97/f2/3e/bb97f23e-803a-4bd6-8406-06802623554c/saf-output_objects/50/pages/page_0/files/gerald-griffin_016_access.mp3
Apollo 13 Retrospective-The Real Stuff,gerald-griffin_006,2025-07-14T13:39:32.580000+00:00,https://api-pre.library.tamu.edu/fcrepo/rest/bb/97/f2/3e/bb97f23e-803a-4bd6-8406-06802623554c/saf-output_objects/5/pages/page_0/files/gerald-griffin_006_access.mp3
"NASA: Houston, we've got a problem",gerald-griffin_007,2025-07-14T13:39:09.781000+00:00,https://api-pre.library.tamu.edu/fcrepo/rest/bb/97/f2/3e/bb97f23e-803a-4bd6-8406-06802623554c/saf-output_objects/44/pages/page_0/files/gerald-griffin_007_access.mp3
NASA Special Report 239: Space Flight Participant Program,gerald-griffin_023b,2025-07-14T13:37:47.118000+00:00,https://api-pre.library.tamu.edu/fcrepo/rest/bb/97/f2/3e/bb97f23e-803a-4bd6-8406-06802623554c/saf-output_objects/19/pages/page_0/files/gerald-griffin_023b_access.mp3
NASA Space Note No. 82,gerald-griffin_019a,2025-07-14T13:37:24.441000+00:00,https://api-pre.library.tamu.edu/fcrepo/rest/bb/97/f2/3e/bb97f23e-803a-4bd6-8406-06802623554c/saf-output_objects/11/pages/page_0/files/gerald-griffin_019a_access.mp3
NASA Space Stories 1076-1079,gerald-griffin_021a,2025-07-14T13:37:29.297000+00:00,https://api-pre.library.tamu.edu/fcrepo/rest/bb/97/f2/3e/bb97f23e-803a-4bd6-8406-06802623554c/saf-output_objects/14/pages/page_0/files/gerald-griffin_021a_access.mp3
SL4F00188,hernan-conteras_022,2025-07-14T13:38:52.899000+00:00,https://api-pre.library.tamu.edu/fcrepo/rest/bb/97/f2/3e/bb97f23e-803a-4bd6-8406-06802623554c/saf-output_objects/40/pages/page_0/files/hernan-conteras_022_access.mp3
SL4F00186,hernan-conteras_021,2025-07-14T13:38:46.233000+00:00,https://api-pre.library.tamu.edu/fcrepo/rest/bb/97/f2/3e/bb97f23e-803a-4bd6-8406-06802623554c/saf-output_objects/39/pages/page_0/files/hernan-conteras_021_access.mp3
SL3F00142,hernan-conteras_011,2025-07-14T13:38:20.667000+00:00,https://api-pre.library.tamu.edu/fcrepo/rest/bb/97/f2/3e/bb97f23e-803a-4bd6-8406-06802623554c/saf-output_objects/30/pages/page_0/files/hernan-conteras_011_access.mp3
U.S. Space Foundation,gerald-griffin_014,2025-07-14T13:39:39.386000+00:00,https://api-pre.library.tamu.edu/fcrepo/rest/bb/97/f2/3e/bb97f23e-803a-4bd6-8406-06802623554c/saf-output_objects/8/pages/page_0/files/gerald-griffin_014_access.mp3
SL4F00166,hernan-conteras_012,2025-07-14T13:38:22.532000+00:00,https://api-pre.library.tamu.edu/fcrepo/rest/bb/97/f2/3e/bb97f23e-803a-4bd6-8406-06802623554c/saf-output_objects/31/pages/page_0/files/hernan-conteras_012_access.mp3
SL4F00173,hernan-conteras_015,2025-07-14T13:38:31.561000+00:00,https://api-pre.library.tamu.edu/fcrepo/rest/bb/97/f2/3e/bb97f23e-803a-4bd6-8406-06802623554c/saf-output_objects/34/pages/page_0/files/hernan-conteras_015_access.mp3
SYFY Channel Inside Space: Apollo 13: The Real Story,gerald-griffin_011,2025-07-14T13:39:20.320000+00:00,https://api-pre.library.tamu.edu/fcrepo/rest/bb/97/f2/3e/bb97f23e-803a-4bd6-8406-06802623554c/saf-output_objects/47/pages/page_0/files/gerald-griffin_011_access.mp3
SL3F00126,hernan-conteras_010,2025-07-14T13:38:16.666000+00:00,https://api-pre.library.tamu.edu/fcrepo/rest/bb/97/f2/3e/bb97f23e-803a-4bd6-8406-06802623554c/saf-output_objects/29/pages/page_0/files/hernan-conteras_010_access.mp3
SL4F00181,hernan-conteras_018,2025-07-14T13:38:39.806000+00:00,https://api-pre.library.tamu.edu/fcrepo/rest/bb/97/f2/3e/bb97f23e-803a-4bd6-8406-06802623554c/saf-output_objects/37/pages/page_0/files/hernan-conteras_018_access.mp3
Apollo 15 LEM Lift Off,hernan-conteras_003,2025-07-14T13:37:54.466000+00:00,https://api-pre.library.tamu.edu/fcrepo/rest/bb/97/f2/3e/bb97f23e-803a-4bd6-8406-06802623554c/saf-output_objects/22/pages/page_0/files/hernan-conteras_003_access.mp3
"""Ulysses"" Lunar Lander/Micro Rover Project",gerald-griffin_017,2025-07-14T13:39:31.427000+00:00,https://api-pre.library.tamu.edu/fcrepo/rest/bb/97/f2/3e/bb97f23e-803a-4bd6-8406-06802623554c/saf-output_objects/51/pages/page_0/files/gerald-griffin_017_access.mp3
NASA Special Report #238: Gamma Ray Observatory: Window oo a Dynamic Universe,gerald-griffin_022b,2025-07-14T13:37:36.806000+00:00,https://api-pre.library.tamu.edu/fcrepo/rest/bb/97/f2/3e/bb97f23e-803a-4bd6-8406-06802623554c/saf-output_objects/17/pages/page_0/files/gerald-griffin_022b_access.mp3
"SS 1704 ""Apollo II. . .15th Anniversary"" NASA Special Report #236: Apollo II. . .an anniversary program with sound effects",gerald-griffin_020a,2025-07-14T13:37:29.033000+00:00,https://api-pre.library.tamu.edu/fcrepo/rest/bb/97/f2/3e/bb97f23e-803a-4bd6-8406-06802623554c/saf-output_objects/12/pages/page_0/files/gerald-griffin_020a_access.mp3
Apollo 16 - - 3,hernan-conteras_006,2025-07-14T13:38:04.019000+00:00,https://api-pre.library.tamu.edu/fcrepo/rest/bb/97/f2/3e/bb97f23e-803a-4bd6-8406-06802623554c/saf-output_objects/25/pages/page_0/files/hernan-conteras_006_access.mp3
The Airplane and NASA: Epsiode 1 - The Golden Days of Flight,gerald-griffin_001,2025-07-14T13:38:00.394000+00:00,https://api-pre.library.tamu.edu/fcrepo/rest/bb/97/f2/3e/bb97f23e-803a-4bd6-8406-06802623554c/saf-output_objects/2/pages/page_0/files/gerald-griffin_001_access.mp3
Press Conference with Bob Crippen and John Young after first STS-1 flight - Part 1,gerald-griffin_018a,2025-07-14T13:39:45.121000+00:00,https://api-pre.library.tamu.edu/fcrepo/rest/bb/97/f2/3e/bb97f23e-803a-4bd6-8406-06802623554c/saf-output_objects/9/pages/page_0/files/gerald-griffin_018a_access.mp3
The Space Shuttle Saga: Columbia,gerald-griffin_008,2025-07-14T13:39:33.343000+00:00,https://api-pre.library.tamu.edu/fcrepo/rest/bb/97/f2/3e/bb97f23e-803a-4bd6-8406-06802623554c/saf-output_objects/6/pages/page_0/files/gerald-griffin_008_access.mp3
[Food in weightless environment],hernan-conteras_023,2025-07-14T13:38:54.663000+00:00,https://api-pre.library.tamu.edu/fcrepo/rest/bb/97/f2/3e/bb97f23e-803a-4bd6-8406-06802623554c/saf-output_objects/41/pages/page_0/files/hernan-conteras_023_access.mp3
SL4F00169,hernan-conteras_013,2025-07-14T13:38:23.157000+00:00,https://api-pre.library.tamu.edu/fcrepo/rest/bb/97/f2/3e/bb97f23e-803a-4bd6-8406-06802623554c/saf-output_objects/32/pages/page_0/files/hernan-conteras_013_access.mp3
"Flight Festival 87, Gerry, et al",gerald-griffin_009,2025-07-14T13:39:07.073000+00:00,https://api-pre.library.tamu.edu/fcrepo/rest/bb/97/f2/3e/bb97f23e-803a-4bd6-8406-06802623554c/saf-output_objects/45/pages/page_0/files/gerald-griffin_009_access.mp3
Turning Points in History/ The Eagle Has Landed,gerald-griffin_012,2025-07-14T13:39:26.202000+00:00,https://api-pre.library.tamu.edu/fcrepo/rest/bb/97/f2/3e/bb97f23e-803a-4bd6-8406-06802623554c/saf-output_objects/48/pages/page_0/files/gerald-griffin_012_access.mp3
SL3F00095,hernan-conteras_008,2025-07-14T13:38:06.338000+00:00,https://api-pre.library.tamu.edu/fcrepo/rest/bb/97/f2/3e/bb97f23e-803a-4bd6-8406-06802623554c/saf-output_objects/27/pages/page_0/files/hernan-conteras_008_access.mp3
