note,date_digital_creation,title,Audio
"The source is a Maxell UD 35-90 reel tape. The playback device was a TEAC A-3340S reel-to-reel tape deck playing at a speed of 7.5 ips. The audio was captured with Hammerfall DSP Multiface II A/D Converter hardware and Adobe Audition software. Editing and processing was also performed with Adobe Audition. For the access files, Speech Volume Leveler was used to make speech more consistent and intelligible; noise (hiss/hum/etc.) in the audio was reduced using Noise Reduction process. Also, a blank section just under a minute was removed at the 13:33 mark.",2025-03-25T21:16:04.042000+00:00,Charles Harness Master Side 1 & 2,https://api-pre.library.tamu.edu/fcrepo/rest/bb/97/f2/3e/bb97f23e-803a-4bd6-8406-06802623554c/sci_fi_temp_batch_2_objects/13/pages/page_0/files/c000507_003_017_2_access.mp3
"The source is a reel tape. The playback device was a TEAC A-3340S reel-to-reel tape deck playing at a speed of 7.5 ips. The audio was captured with Hammerfall DSP Multiface II A/D Converter hardware and Adobe Audition software. The tape is very sticky; many splices failed and had to be replaced; the tape shed significantly as it was played. Some of the audio is muffled probably due to tape degradation as evidenced by the shedding. Editing and processing was also performed with Adobe Audition. For the access files, Speech Volume Leveler was used to make speech more consistent and intelligible.",2025-03-25T21:17:38.342000+00:00,Chad Oliver,https://api-pre.library.tamu.edu/fcrepo/rest/bb/97/f2/3e/bb97f23e-803a-4bd6-8406-06802623554c/sci_fi_temp_batch_2_objects/55/pages/page_0/files/c000507_004_019_access.mp3
"The source is a TDK LX 3590B reel tape. The playback device was a TEAC A-3340S reel-to-reel tape deck playing at a speed of 7.5 ips. The audio was captured with Hammerfall DSP Multiface II A/D Converter hardware and Adobe Audition software. Editing and processing was also performed with Adobe Audition. For the access files, Speech Volume Leveler was used to modify volume levels; noise (hiss/hum/etc.) in the audio was reduced using Noise Reduction process.",2025-03-25T21:16:08.374000+00:00,James Gunn Master Side 1 & 2,https://api-pre.library.tamu.edu/fcrepo/rest/bb/97/f2/3e/bb97f23e-803a-4bd6-8406-06802623554c/sci_fi_temp_batch_2_objects/2/pages/page_0/files/c000507_003_008_1_access.mp3
"The source is a reel tape. The playback device was a TEAC A-3340S reel-to-reel tape deck playing at a speed of 7.5 ips. The audio was captured with Hammerfall DSP Multiface II A/D Converter hardware and Adobe Audition software. Editing and processing was also performed with Adobe Audition. For the access files, Normalize process was used to modify volume levels; noise (hiss/hum/etc.) in the audio was reduced using Noise Reduction process.",2025-03-25T21:16:29.613000+00:00,"Hugo & Nebula Show: Chalker/Cherryh, Pohl/Joan Vinge",https://api-pre.library.tamu.edu/fcrepo/rest/bb/97/f2/3e/bb97f23e-803a-4bd6-8406-06802623554c/sci_fi_temp_batch_2_objects/28/pages/page_0/files/c000507_003_034_access.mp3
"['The source is an Ampex Audio Mastering Tape', '406 reel tape. The playback device was a TEAC A-3340S reel-to-reel tape deck playing at a speed of 7.5 ips. The audio was captured with Hammerfall DSP Multiface II A/D Converter hardware and Adobe Audition software. Editing and processing was also performed with Adobe Audition. For the access files, Normalize process was used to modify volume levels; noise (hiss/hum/etc.) in the audio was reduced using Noise Reduction process.']",2025-03-25T21:18:17.120000+00:00,Joe Haldeman Master,https://api-pre.library.tamu.edu/fcrepo/rest/bb/97/f2/3e/bb97f23e-803a-4bd6-8406-06802623554c/sci_fi_temp_batch_2_objects/7/pages/page_0/files/c000507_003_012_access.mp3
"The source is a TDK S-1800 reel tape. The playback device was a TEAC A-3340S reel-to-reel tape deck playing at a speed of 7.5 ips. The audio was captured with Hammerfall DSP Multiface II A/D Converter hardware and Adobe Audition software. Audio was found to be only in the left channel. Editing and processing was also performed with Adobe Audition. For the access files, only the left channel was used; Normalize process was used to modify volume levels; noise (hiss/hum/etc.) in the audio was reduced using Noise Reduction process.",2025-03-25T21:17:31.200000+00:00,Larry niven Interview (SF Radio Show),https://api-pre.library.tamu.edu/fcrepo/rest/bb/97/f2/3e/bb97f23e-803a-4bd6-8406-06802623554c/sci_fi_temp_batch_2_objects/48/pages/page_0/files/c000507_004_012_access.mp3
"The source is a reel tape. The playback device was a TEAC A-3340S reel-to-reel tape deck playing at a speed of 7.5 ips. The audio was captured with Hammerfall DSP Multiface II A/D Converter hardware and Adobe Audition software. Editing and processing was also performed with Adobe Audition. For the access files, Speech Volume Leveler was used to make speech more consistent and intelligible.",2025-03-25T21:16:47.820000+00:00,Lewis Aggiecon/Dean Ing/Wollheim,https://api-pre.library.tamu.edu/fcrepo/rest/bb/97/f2/3e/bb97f23e-803a-4bd6-8406-06802623554c/sci_fi_temp_batch_2_objects/32/pages/page_0/files/c000507_003_037_access.mp3
"The source is a TDK LX 5060B reel tape. The playback device was a TEAC A-3340S reel-to-reel tape deck playing at a speed of 7.5 ips. The audio was captured with Hammerfall DSP Multiface II A/D Converter hardware and Adobe Audition software. Editing and processing was also performed with Adobe Audition. For the access files, Speech Volume Leveler was used to make speech more consistent and intelligible; noise (hiss/hum/etc.) in the audio was reduced using Noise Reduction process.",2025-03-25T21:17:09.899000+00:00,Fred Meyer Master Int'l Wizard of Oz,https://api-pre.library.tamu.edu/fcrepo/rest/bb/97/f2/3e/bb97f23e-803a-4bd6-8406-06802623554c/sci_fi_temp_batch_2_objects/42/pages/page_0/files/c000507_004_006_access.mp3
"The source is a TDK S-1800 reel tape. The playback device was a TEAC A-3340S reel-to-reel tape deck playing at a speed of 7.5 ips. The audio was captured with Hammerfall DSP Multiface II A/D Converter hardware and Adobe Audition software. Editing and processing was also performed with Adobe Audition. For the access files, Speech Volume Leveler was used to make speech more consistent and intelligibl; noise (hiss/hum/etc.) in the audio was reduced using Noise Reduction process.",2025-03-25T21:17:59.139000+00:00,Jerry Pournelle Interview (mixed master) 30 min,https://api-pre.library.tamu.edu/fcrepo/rest/bb/97/f2/3e/bb97f23e-803a-4bd6-8406-06802623554c/sci_fi_temp_batch_2_objects/62/pages/page_0/files/c000507_004_026_access.mp3
"The source is a reel tape. The playback device was a TEAC A-3340S reel-to-reel tape deck playing at a speed of 7.5 ips. The audio was captured with Hammerfall DSP Multiface II A/D Converter hardware and Adobe Audition software. The tape was very sticky; many splices broke and had to be replaced. Editing and processing was also performed with Adobe Audition. For the access files, Normalize process was used to modify volume levels.",2025-03-25T21:17:55.098000+00:00,Andy Porter/Joe Mayhew,https://api-pre.library.tamu.edu/fcrepo/rest/bb/97/f2/3e/bb97f23e-803a-4bd6-8406-06802623554c/sci_fi_temp_batch_2_objects/60/pages/page_0/files/c000507_004_024_access.mp3
"The source is a reel tape. The playback device was a TEAC A-3340S reel-to-reel tape deck playing at a speed of 7.5 ips. The audio was captured with Hammerfall DSP Multiface II A/D Converter hardware and Adobe Audition software. Editing and processing was also performed with Adobe Audition. For the access files, Normalize process was used to modify volume levels.",2025-03-25T21:18:42.603000+00:00,Charles Sheffield & M. Zimmer Bradley,https://api-pre.library.tamu.edu/fcrepo/rest/bb/97/f2/3e/bb97f23e-803a-4bd6-8406-06802623554c/sci_fi_temp_batch_2_objects/80/pages/page_0/files/c000507_004_042_access.mp3
"['The source is an Ampex Audio Mastering Tape', '406 reel tape. The playback device was a TEAC A-3340S reel-to-reel tape deck playing at a speed of 7.5 ips. The audio was captured with Hammerfall DSP Multiface II A/D Converter hardware and Adobe Audition software. Editing and processing was also performed with Adobe Audition. For the access files, Speech Volume Leveler was used to make speech more consistent and intelligible.']",2025-03-25T21:16:27.422000+00:00,Hogan Update,https://api-pre.library.tamu.edu/fcrepo/rest/bb/97/f2/3e/bb97f23e-803a-4bd6-8406-06802623554c/sci_fi_temp_batch_2_objects/25/pages/page_0/files/c000507_003_029_access.mp3
"The source is a reel tape. The playback device was a TEAC A-3340S reel-to-reel tape deck playing at a speed of 7.5 ips. The audio was captured with Hammerfall DSP Multiface II A/D Converter hardware and Adobe Audition software. Editing and processing was also performed with Adobe Audition. For the access files, Normalize process was used to modify volume levels.",2025-03-25T21:17:08.908000+00:00,James Gunn,https://api-pre.library.tamu.edu/fcrepo/rest/bb/97/f2/3e/bb97f23e-803a-4bd6-8406-06802623554c/sci_fi_temp_batch_2_objects/4/pages/page_0/files/c000507_003_009_access.mp3
"The source is a reel tape. The playback device was a TEAC A-3340S reel-to-reel tape deck playing at a speed of 7.5 ips. The audio was captured with Hammerfall DSP Multiface II A/D Converter hardware and Adobe Audition software. Editing and processing was also performed with Adobe Audition. For the access files, Normalize process was used to modify volume levels.",2025-03-25T21:18:15.448000+00:00,Saberhagen Tape 6,https://api-pre.library.tamu.edu/fcrepo/rest/bb/97/f2/3e/bb97f23e-803a-4bd6-8406-06802623554c/sci_fi_temp_batch_2_objects/67/pages/page_0/files/c000507_004_031_access.mp3
"The source is a TDK S-1800 reel tape. The playback device was a TEAC A-3340S reel-to-reel tape deck playing at a speed of 7.5 ips. The audio was captured with Hammerfall DSP Multiface II A/D Converter hardware and Adobe Audition software. Audio is present only in the left channel. Editing and processing was also performed with Adobe Audition. For the access files, Normalize process was used to modify volume levels.",2025-03-25T21:18:36+00:00,Science Fantasy SF Radio Show,https://api-pre.library.tamu.edu/fcrepo/rest/bb/97/f2/3e/bb97f23e-803a-4bd6-8406-06802623554c/sci_fi_temp_batch_2_objects/74/pages/page_0/files/c000507_004_037_access.mp3
"The source is a TDK LX 3590B reel tape. The playback device was a TEAC A-3340S reel-to-reel tape deck playing at a speed of 7.5 ips. The audio was captured with Hammerfall DSP Multiface II A/D Converter hardware and Adobe Audition software. Editing and processing was also performed with Adobe Audition. For the access files, Speech Volume Leveler was used to make speech more consistent and intelligible; noise (hiss/hum/etc.) in the audio was reduced using Noise Reduction process.",2025-03-25T21:18:21.546000+00:00,Pamela Sargent Interview Raw,https://api-pre.library.tamu.edu/fcrepo/rest/bb/97/f2/3e/bb97f23e-803a-4bd6-8406-06802623554c/sci_fi_temp_batch_2_objects/72/pages/page_0/files/c000507_004_035_2_access.mp3
"The source is a TDK S-1800 reel tape. The playback device was a TEAC A-3340S reel-to-reel tape deck playing at a speed of 7.5 ips. The audio was captured with Hammerfall DSP Multiface II A/D Converter hardware and Adobe Audition software. Editing and processing was also performed with Adobe Audition. For the access files, Normalize process was used to modify volume levels; noise (hiss/hum/etc.) in the audio was reduced using Noise Reduction process.",2025-03-25T21:16:05.525000+00:00,Hogan,https://api-pre.library.tamu.edu/fcrepo/rest/bb/97/f2/3e/bb97f23e-803a-4bd6-8406-06802623554c/sci_fi_temp_batch_2_objects/19/pages/page_0/files/c000507_003_023_access.mp3
"The source is a TDK S-1800 reel tape. The playback device was a TEAC A-3340S reel-to-reel tape deck playing at a speed of 7.5 ips. The audio was captured with Hammerfall DSP Multiface II A/D Converter hardware and Adobe Audition software. Editing and processing was also performed with Adobe Audition. For the access files, Normalize process was used to modify volume levels.",2025-03-25T21:16:06.130000+00:00,Robert A. Heinlein (SF Radio Show),https://api-pre.library.tamu.edu/fcrepo/rest/bb/97/f2/3e/bb97f23e-803a-4bd6-8406-06802623554c/sci_fi_temp_batch_2_objects/17/pages/page_0/files/c000507_003_021_access.mp3
"The source is a TDK LX 3590B reel tape. The playback device was a TEAC A-3340S reel-to-reel tape deck playing at a speed of 7.5 ips. The audio was captured with Hammerfall DSP Multiface II A/D Converter hardware and Adobe Audition software. The audio is almost entirely in the left channel. Editing and processing was also performed with Adobe Audition. For the access files, only the left channel was used; Speech Volume Leveler was used to make speech more consistent and intelligible; noise (hiss/hum/etc.) in the audio was reduced using Noise Reduction process.",2025-03-25T21:16:52.351000+00:00,Lee Killough Tape 2 Raw,https://api-pre.library.tamu.edu/fcrepo/rest/bb/97/f2/3e/bb97f23e-803a-4bd6-8406-06802623554c/sci_fi_temp_batch_2_objects/37/pages/page_0/files/c000507_003_042_access.mp3
"The source is a reel tape. The playback device was a TEAC A-3340S reel-to-reel tape deck playing at a speed of 7.5 ips. The audio was captured with Hammerfall DSP Multiface II A/D Converter hardware and Adobe Audition software. Editing and processing was also performed with Adobe Audition. For the access files, Normalize process was used to modify volume levels.",2025-03-25T21:18:40.624000+00:00,Charles Sheffield,https://api-pre.library.tamu.edu/fcrepo/rest/bb/97/f2/3e/bb97f23e-803a-4bd6-8406-06802623554c/sci_fi_temp_batch_2_objects/79/pages/page_0/files/c000507_004_041_access.mp3
"The source is a Maxell UD 35-90 reel tape. The playback device was a TEAC A-3340S reel-to-reel tape deck playing at a speed of 7.5 ips. The audio was captured with Hammerfall DSP Multiface II A/D Converter hardware and Adobe Audition software. Editing and processing was also performed with Adobe Audition. For the access files, Speech Volume Leveler was used to make speech more consistent and intelligible; noise (hiss/hum/etc.) in the audio was reduced using Noise Reduction process.",2025-03-25T21:17:16.158000+00:00,Janet Morris Side 1 & 2 Master Part 1,https://api-pre.library.tamu.edu/fcrepo/rest/bb/97/f2/3e/bb97f23e-803a-4bd6-8406-06802623554c/sci_fi_temp_batch_2_objects/44/pages/page_0/files/c000507_004_007_2_access.mp3
"The source is a reel tape. The playback device was a TEAC A-3340S reel-to-reel tape deck playing at a speed of 7.5 ips. The audio was captured with Hammerfall DSP Multiface II A/D Converter hardware and Adobe Audition software. Editing and processing was also performed with Adobe Audition. For the access files, Normalize process was used to modify volume levels.",2025-03-25T21:16:47.114000+00:00,Dean Ing,https://api-pre.library.tamu.edu/fcrepo/rest/bb/97/f2/3e/bb97f23e-803a-4bd6-8406-06802623554c/sci_fi_temp_batch_2_objects/31/pages/page_0/files/c000507_003_036_access.mp3
"The source is a reel tape. The playback device was a TEAC A-3340S reel-to-reel tape deck playing at a speed of 7.5 ips. The audio was captured with Hammerfall DSP Multiface II A/D Converter hardware and Adobe Audition software. The tape is very sticky; several splices failed and were replaced. Editing and processing was also performed with Adobe Audition. For the access files, Normalize process was used to modify volume levels; noise (hiss/hum/etc.) in the audio was reduced using Noise Reduction process.",2025-03-25T21:17:30.795000+00:00,Larry Niven,https://api-pre.library.tamu.edu/fcrepo/rest/bb/97/f2/3e/bb97f23e-803a-4bd6-8406-06802623554c/sci_fi_temp_batch_2_objects/51/pages/page_0/files/c000507_004_015_access.mp3
"The source is a reel tape. The playback device was a TEAC A-3340S reel-to-reel tape deck playing at a speed of 7.5 ips. The audio was captured with Hammerfall DSP Multiface II A/D Converter hardware and Adobe Audition software. Editing and processing was also performed with Adobe Audition. For the access files, Normalize process was used to modify volume levels.",2025-03-25T21:16:05.743000+00:00,Charles Harness,https://api-pre.library.tamu.edu/fcrepo/rest/bb/97/f2/3e/bb97f23e-803a-4bd6-8406-06802623554c/sci_fi_temp_batch_2_objects/14/pages/page_0/files/c000507_003_018_access.mp3
"The source is a TDK S-1800 reel tape. The playback device was a TEAC A-3340S reel-to-reel tape deck playing at a speed of 7.5 ips. The audio was captured with Hammerfall DSP Multiface II A/D Converter hardware and Adobe Audition software. Editing and processing was also performed with Adobe Audition. For the access files, Normalize process was used to modify volume levels; noise (hiss/hum/etc.) in the audio was reduced using Noise Reduction process.",2025-03-25T21:17:38.684000+00:00,Fredrick Pohl Interview,https://api-pre.library.tamu.edu/fcrepo/rest/bb/97/f2/3e/bb97f23e-803a-4bd6-8406-06802623554c/sci_fi_temp_batch_2_objects/56/pages/page_0/files/c000507_004_020_access.mp3
"The source is a TDK L-1800 reel tape. The playback device was a TEAC A-3340S reel-to-reel tape deck playing at a speed of 7.5 ips. The audio was captured with Hammerfall DSP Multiface II A/D Converter hardware and Adobe Audition software. Editing and processing was also performed with Adobe Audition. For the access files, Normalize process was used to modify volume levels.",2025-03-25T21:18:36.430000+00:00,Science Fiction Music SFRS,https://api-pre.library.tamu.edu/fcrepo/rest/bb/97/f2/3e/bb97f23e-803a-4bd6-8406-06802623554c/sci_fi_temp_batch_2_objects/76/pages/page_0/files/c000507_004_039_access.mp3
"The source is a reel tape. The playback device was a TEAC A-3340S reel-to-reel tape deck playing at a speed of 7.5 ips. The audio was captured with Hammerfall DSP Multiface II A/D Converter hardware and Adobe Audition software. Editing and processing was also performed with Adobe Audition. For the access files, Normalize process was used to modify volume levels.",2025-03-25T21:16:25.023000+00:00,James P. Hogan,https://api-pre.library.tamu.edu/fcrepo/rest/bb/97/f2/3e/bb97f23e-803a-4bd6-8406-06802623554c/sci_fi_temp_batch_2_objects/21/pages/page_0/files/c000507_003_025_access.mp3
"The source is a Maxell UD 35-90 reel tape. The playback device was a TEAC A-3340S reel-to-reel tape deck playing at a speed of 7.5 ips. The audio was captured with Hammerfall DSP Multiface II A/D Converter hardware and Adobe Audition software. Editing and processing was also performed with Adobe Audition. For the access files, Speech Volume Leveler was used to make speech more consistent and intelligible; noise (hiss/hum/etc.) in the audio was reduced using Noise Reduction process.",2025-03-25T21:16:30.679000+00:00,Dean Ing Master Side 1 & 2,https://api-pre.library.tamu.edu/fcrepo/rest/bb/97/f2/3e/bb97f23e-803a-4bd6-8406-06802623554c/sci_fi_temp_batch_2_objects/29/pages/page_0/files/c000507_003_035_1_access.mp3
"The source is a TDK L-1800 reel tape. The playback device was a TEAC A-3340S reel-to-reel tape deck playing at a speed of 7.5 ips. The audio was captured with Hammerfall DSP Multiface II A/D Converter hardware and Adobe Audition software. Editing and processing was also performed with Adobe Audition. For the access files, Speech Volume Leveler was used to make speech more consistent and intelligible; noise (hiss/hum/etc.) in the audio was reduced using Noise Reduction process.",2025-03-25T21:18:41.979000+00:00,Joe Haldeman Raw,https://api-pre.library.tamu.edu/fcrepo/rest/bb/97/f2/3e/bb97f23e-803a-4bd6-8406-06802623554c/sci_fi_temp_batch_2_objects/8/pages/page_0/files/c000507_003_013_access.mp3
"The source is a TDK S-1800 reel tape. The playback device was a TEAC A-3340S reel-to-reel tape deck playing at a speed of 7.5 ips. The audio was captured with Hammerfall DSP Multiface II A/D Converter hardware and Adobe Audition software. Editing and processing was also performed with Adobe Audition. For the access files, only the left channel was used; Speech Volume Leveler was used to make speech more consistent and intelligible.",2025-03-25T21:18:32.818000+00:00,Larry Niven,https://api-pre.library.tamu.edu/fcrepo/rest/bb/97/f2/3e/bb97f23e-803a-4bd6-8406-06802623554c/sci_fi_temp_batch_2_objects/49/pages/page_0/files/c000507_004_013_access.mp3
"The source is a TDK S-1800 reel tape. The playback device was a TEAC A-3340S reel-to-reel tape deck playing at a speed of 7.5 ips. The audio was captured with Hammerfall DSP Multiface II A/D Converter hardware and Adobe Audition software. Audio is present only in the left channel. Editing and processing was also performed with Adobe Audition. For the access files, Normalize process was used to modify volume levels.",2025-03-25T21:16:07.009000+00:00,Hard Science Fiction with Hal Clement,https://api-pre.library.tamu.edu/fcrepo/rest/bb/97/f2/3e/bb97f23e-803a-4bd6-8406-06802623554c/sci_fi_temp_batch_2_objects/11/pages/page_0/files/c000507_003_016_access.mp3
"['The source is an Ampex Audio Mastering Tape', '406 reel tape. The playback device was a TEAC A-3340S reel-to-reel tape deck playing at a speed of 7.5 ips. The audio was captured with Hammerfall DSP Multiface II A/D Converter hardware and Adobe Audition software. Editing and processing was also performed with Adobe Audition. For the access files, Normalize process was used to modify volume levels; noise (hiss/hum/etc.) in the audio was reduced using Noise Reduction process.']",2025-03-25T21:16:48.354000+00:00,Science Fiction Radio Show Master Lee Killough #23-82,https://api-pre.library.tamu.edu/fcrepo/rest/bb/97/f2/3e/bb97f23e-803a-4bd6-8406-06802623554c/sci_fi_temp_batch_2_objects/33/pages/page_0/files/c000507_003_038_access.mp3
"['The source is an Ampex Audio Mastering Tape', '406 reel tape. The playback device was a TEAC A-3340S reel-to-reel tape deck playing at a speed of 7.5 ips. The audio was captured with Hammerfall DSP Multiface II A/D Converter hardware and Adobe Audition software. Editing and processing was also performed with Adobe Audition. For the access files, Normalize process was used to modify volume levels; noise (hiss/hum/etc.) in the audio was reduced using Noise Reduction process.']",2025-03-25T21:18:00.463000+00:00,Science fiction Radio Show Master #33-82,https://api-pre.library.tamu.edu/fcrepo/rest/bb/97/f2/3e/bb97f23e-803a-4bd6-8406-06802623554c/sci_fi_temp_batch_2_objects/63/pages/page_0/files/c000507_004_027_access.mp3
"The source is a TDK S-1800 reel tape. The playback device was a TEAC A-3340S reel-to-reel tape deck playing at a speed of 7.5 ips. The audio was captured with Hammerfall DSP Multiface II A/D Converter hardware and Adobe Audition software. The audio is almost exclusively in the left channel. Editing and processing was also performed with Adobe Audition. For the access files, only the left channel was used; Speech Volume Leveler was used to make speech more consistent and intelligible; noise (hiss/hum/etc.) in the audio was reduced using Noise Reduction process.",2025-03-25T21:17:56.634000+00:00,Jerry Pournelle Raw,https://api-pre.library.tamu.edu/fcrepo/rest/bb/97/f2/3e/bb97f23e-803a-4bd6-8406-06802623554c/sci_fi_temp_batch_2_objects/61/pages/page_0/files/c000507_004_025_access.mp3
"The source is a TDK LX 3590B reel tape. The playback device was a TEAC A-3340S reel-to-reel tape deck playing at a speed of 7.5 ips. The audio was captured with Hammerfall DSP Multiface II A/D Converter hardware and Adobe Audition software. Editing and processing was also performed with Adobe Audition. For the access files, Speech Volume Leveler was used to make speech more consistent and intelligible; noise (hiss/hum/etc.) in the audio was reduced using Noise Reduction process.",2025-03-25T21:16:29.527000+00:00,J. Eric Holmes D&D Games Raw (Side 1),https://api-pre.library.tamu.edu/fcrepo/rest/bb/97/f2/3e/bb97f23e-803a-4bd6-8406-06802623554c/sci_fi_temp_batch_2_objects/26/pages/page_0/files/c000507_003_030_1_access.mp3
"The source is a reel tape. The playback device was a TEAC A-3340S reel-to-reel tape deck playing at a speed of 7.5 ips. The audio was captured with Hammerfall DSP Multiface II A/D Converter hardware and Adobe Audition software. Editing and processing was also performed with Adobe Audition. For the access files, Normalize process was used to modify volume levels.",2025-03-25T21:17:31.341000+00:00,Gunn Sch./Tolkien/Ing,https://api-pre.library.tamu.edu/fcrepo/rest/bb/97/f2/3e/bb97f23e-803a-4bd6-8406-06802623554c/sci_fi_temp_batch_2_objects/5/pages/page_0/files/c000507_003_010_access.mp3
"The source is a TDK S-1800 reel tape. The playback device was a TEAC A-3340S reel-to-reel tape deck playing at a speed of 7.5 ips. The audio was captured with Hammerfall DSP Multiface II A/D Converter hardware and Adobe Audition software. Audio is present only in the left channel. Editing and processing was also performed with Adobe Audition. For the access files, only the left channel was used since there is no audio in the right channel; Speech Volume Leveler was used to make speech more consistent and intelligible; noise (hiss/hum/etc.) in the audio was reduced using Noise Reduction process.",2025-03-25T21:15:40.739000+00:00,Joe Haldeman Interview (SF Radio Show),https://api-pre.library.tamu.edu/fcrepo/rest/bb/97/f2/3e/bb97f23e-803a-4bd6-8406-06802623554c/sci_fi_temp_batch_2_objects/10/pages/page_0/files/c000507_003_015_access.mp3
"The source is a TDK S-1800 reel tape. The playback device was a TEAC A-3340S reel-to-reel tape deck playing at a speed of 7.5 ips. The audio was captured with Hammerfall DSP Multiface II A/D Converter hardware and Adobe Audition software. Editing and processing was also performed with Adobe Audition. For the access files, Speech Volume Leveler was used to make speech more consistent and intelligible; Normalize process was used to modify volume levels.",2025-03-25T21:18:17.480000+00:00,Fred Saberhagen Raw Pt. 1,https://api-pre.library.tamu.edu/fcrepo/rest/bb/97/f2/3e/bb97f23e-803a-4bd6-8406-06802623554c/sci_fi_temp_batch_2_objects/68/pages/page_0/files/c000507_004_032_access.mp3
"The source is a TDK S-1800 reel tape. The playback device was a TEAC A-3340S reel-to-reel tape deck playing at a speed of 7.5 ips. The audio was captured with Hammerfall DSP Multiface II A/D Converter hardware and Adobe Audition software. Editing and processing was also performed with Adobe Audition. For the access files, Speech Volume Leveler was used to make speech more consistent and intelligible; noise (hiss/hum/etc.) in the audio was reduced using Noise Reduction process.",2025-03-25T21:18:33.802000+00:00,Continuation of SF Poetry Association Raw Interview,https://api-pre.library.tamu.edu/fcrepo/rest/bb/97/f2/3e/bb97f23e-803a-4bd6-8406-06802623554c/sci_fi_temp_batch_2_objects/75/pages/page_0/files/c000507_004_038_access.mp3
"The source is a Scotch 111 Recording reel tape. The playback device was a TEAC A-3340S reel-to-reel tape deck playing at a speed of 7.5 ips. The audio was captured with Hammerfall DSP Multiface II A/D Converter hardware and Adobe Audition software. Editing and processing was also performed with Adobe Audition. For the access files, Normalize process was used to modify volume levels.",2025-03-25T21:18:32.203000+00:00,Stan Schmidt,https://api-pre.library.tamu.edu/fcrepo/rest/bb/97/f2/3e/bb97f23e-803a-4bd6-8406-06802623554c/sci_fi_temp_batch_2_objects/73/pages/page_0/files/c000507_004_036_access.mp3
"The source is a Maxell UD 35-90 reel tape. The playback device was a TEAC A-3340S reel-to-reel tape deck playing at a speed of 7.5 ips. The audio was captured with Hammerfall DSP Multiface II A/D Converter hardware and Adobe Audition software. Editing and processing was also performed with Adobe Audition. For the access files, Speech Volume Leveler was used to make speech more consistent and intelligible; noise (hiss/hum/etc.) in the audio was reduced using Noise Reduction process.",2025-03-25T21:16:06.977000+00:00,Jim Henson Master,https://api-pre.library.tamu.edu/fcrepo/rest/bb/97/f2/3e/bb97f23e-803a-4bd6-8406-06802623554c/sci_fi_temp_batch_2_objects/18/pages/page_0/files/c000507_003_022_access.mp3
"['The source is an Ampex Audio Mastering Tape', '406 reel tape. The playback device was a TEAC A-3340S reel-to-reel tape deck playing at a speed of 7.5 ips. The audio was captured with Hammerfall DSP Multiface II A/D Converter hardware and Adobe Audition software. Editing and processing was also performed with Adobe Audition. The audio for the last segment is largely distorted. For the access files, Normalize process was used to modify volume levels.']",2025-03-25T21:16:53.946000+00:00,Science Fiction Radio show Master # 27-82 George R.R. Martin,https://api-pre.library.tamu.edu/fcrepo/rest/bb/97/f2/3e/bb97f23e-803a-4bd6-8406-06802623554c/sci_fi_temp_batch_2_objects/38/pages/page_0/files/c000507_004_001_access.mp3
"The source is a reel tape. The playback device was a TEAC A-3340S reel-to-reel tape deck playing at a speed of 7.5 ips. The audio was captured with Hammerfall DSP Multiface II A/D Converter hardware and Adobe Audition software. The audio is almost exclusively in the left channel. Editing and processing was also performed with Adobe Audition. For the access files, only the left channel was used; noise (hiss/hum/etc.) in the audio was reduced using Noise Reduction process; Speech Volume Leveler was used to make speech more consistent and intelligible, but the recording is very poor and little can be understood.",2025-03-25T21:16:26.575000+00:00,Hogan Interview,https://api-pre.library.tamu.edu/fcrepo/rest/bb/97/f2/3e/bb97f23e-803a-4bd6-8406-06802623554c/sci_fi_temp_batch_2_objects/20/pages/page_0/files/c000507_003_024_access.mp3
"The source is a reel tape. The playback device was a TEAC A-3340S reel-to-reel tape deck playing at a speed of 7.5 ips. The audio was captured with Hammerfall DSP Multiface II A/D Converter hardware and Adobe Audition software. Editing and processing was also performed with Adobe Audition. The tape was sitcky; several splices broke and had to be replaced. For the access files, Normalize process was used to modify volume levels.",2025-03-25T21:17:09.685000+00:00,George R. R. Martin,https://api-pre.library.tamu.edu/fcrepo/rest/bb/97/f2/3e/bb97f23e-803a-4bd6-8406-06802623554c/sci_fi_temp_batch_2_objects/40/pages/page_0/files/c000507_004_004_access.mp3
"The source is a TDK S-1800reel tape. The playback device was a TEAC A-3340S reel-to-reel tape deck playing at a speed of 7.5 ips. The audio was captured with Hammerfall DSP Multiface II A/D Converter hardware and Adobe Audition software. There is audio only in the left channel. Editing and processing was also performed with Adobe Audition. For the access files, only the left channel was used; Speech Volume Leveler was used to make speech more consistent and intelligible; noise (hiss/hum/etc.) in the audio was reduced using Noise Reduction process.",2025-03-25T21:18:11.298000+00:00,Robots SF Radio Show,https://api-pre.library.tamu.edu/fcrepo/rest/bb/97/f2/3e/bb97f23e-803a-4bd6-8406-06802623554c/sci_fi_temp_batch_2_objects/65/pages/page_0/files/c000507_004_029_access.mp3
"The source is a TDK S-1800 reel tape. The playback device was a TEAC A-3340S reel-to-reel tape deck playing at a speed of 7.5 ips. The audio was captured with Hammerfall DSP Multiface II A/D Converter hardware and Adobe Audition software. The audio is almost exclusively in the left channel. Editing and processing was also performed with Adobe Audition. For the access files, only the left channel was used; a blank section consisting of a few seconds was removed at 6:48; noise (hiss/hum/etc.) in the audio was reduced using Noise Reduction process; Speech Volume Leveler was used to make speech more consistent and intelligible.",2025-03-25T21:16:29.742000+00:00,James Hogan Interview Raw #1,https://api-pre.library.tamu.edu/fcrepo/rest/bb/97/f2/3e/bb97f23e-803a-4bd6-8406-06802623554c/sci_fi_temp_batch_2_objects/23/pages/page_0/files/c000507_003_027_access.mp3
"The source is a Maxell UD 35-90 reel tape. The playback device was a TEAC A-3340S reel-to-reel tape deck playing at a speed of 7.5 ips. The audio was captured with Hammerfall DSP Multiface II A/D Converter hardware and Adobe Audition software. Editing and processing was also performed with Adobe Audition. For the access files, Normalize process was used to modify volume levels.",2025-03-25T21:17:15.012000+00:00,Janet Morris Side 1 Master Part 2,https://api-pre.library.tamu.edu/fcrepo/rest/bb/97/f2/3e/bb97f23e-803a-4bd6-8406-06802623554c/sci_fi_temp_batch_2_objects/45/pages/page_0/files/c000507_004_008_access.mp3
"The source is a reel tape. The playback device was a TEAC A-3340S reel-to-reel tape deck playing at a speed of 7.5 ips. The audio was captured with Hammerfall DSP Multiface II A/D Converter hardware and Adobe Audition software. Editing and processing was also performed with Adobe Audition. For the access files, Normalize process was used to modify volume levels.",2025-03-25T21:17:32.917000+00:00,Warren Norwood,https://api-pre.library.tamu.edu/fcrepo/rest/bb/97/f2/3e/bb97f23e-803a-4bd6-8406-06802623554c/sci_fi_temp_batch_2_objects/52/pages/page_0/files/c000507_004_016_access.mp3
"The source is a TDK UD 35-90 reel tape. The playback device was a TEAC A-3340S reel-to-reel tape deck playing at a speed of 7.5 ips. The audio was captured with Hammerfall DSP Multiface II A/D Converter hardware and Adobe Audition software. Editing and processing was also performed with Adobe Audition. For the access files, Speech Volume Leveler was used to make speech more consistent and intelligible; noise (hiss/hum/etc.) in the audio was reduced using Noise Reduction process.",2025-03-25T21:18:21.954000+00:00,Jessica Salmonson Master side 1,https://api-pre.library.tamu.edu/fcrepo/rest/bb/97/f2/3e/bb97f23e-803a-4bd6-8406-06802623554c/sci_fi_temp_batch_2_objects/70/pages/page_0/files/c000507_004_034_access.mp3
"The source is a reel tape. The playback device was a TEAC A-3340S reel-to-reel tape deck playing at a speed of 7.5 ips. The audio was captured with Hammerfall DSP Multiface II A/D Converter hardware and Adobe Audition software. Editing and processing was also performed with Adobe Audition. For the access files, Normalize process was used to modify volume levels.",2025-03-25T21:16:05.405000+00:00,Harry Harrison,https://api-pre.library.tamu.edu/fcrepo/rest/bb/97/f2/3e/bb97f23e-803a-4bd6-8406-06802623554c/sci_fi_temp_batch_2_objects/15/pages/page_0/files/c000507_003_019_access.mp3
"The source is a Maxell UD 35-90 reel tape. The playback device was a TEAC A-3340S reel-to-reel tape deck playing at a speed of 7.5 ips. The audio was captured with Hammerfall DSP Multiface II A/D Converter hardware and Adobe Audition software. Editing and processing was also performed with Adobe Audition. For the access files, Speech Volume Leveler was used to make speech more consistent and intelligible.",2025-03-25T21:16:54.517000+00:00,Damon Knight Side 1 Master,https://api-pre.library.tamu.edu/fcrepo/rest/bb/97/f2/3e/bb97f23e-803a-4bd6-8406-06802623554c/sci_fi_temp_batch_2_objects/35/pages/page_0/files/c000507_003_040_access.mp3
"The source is a TDK S-1800 reel tape. The playback device was a TEAC A-3340S reel-to-reel tape deck playing at a speed of 7.5 ips. The audio was captured with Hammerfall DSP Multiface II A/D Converter hardware and Adobe Audition software. The audio is almost exclusively in the right channel. Editing and processing was also performed with Adobe Audition. For the access files, only the right channel was used; Speech Volume Leveler was used to make speech more consistent and intelligible; noise (hiss/hum/etc.) in the audio was reduced using Noise Reduction process.",2025-03-25T21:17:55.116000+00:00,Fredrick Pohl Raw Pt. 1,https://api-pre.library.tamu.edu/fcrepo/rest/bb/97/f2/3e/bb97f23e-803a-4bd6-8406-06802623554c/sci_fi_temp_batch_2_objects/57/pages/page_0/files/c000507_004_021_access.mp3
"The source is a Maxell UD 35-90 reel tape. The playback device was a TEAC A-3340S reel-to-reel tape deck playing at a speed of 7.5 ips. The audio was captured with Hammerfall DSP Multiface II A/D Converter hardware and Adobe Audition software. Editing and processing was also performed with Adobe Audition. For the access files, Speech Volume Leveler was used to make speech more consistent and intelligible; noise (hiss/hum/etc.) in the audio was reduced using Noise Reduction process.",2025-03-25T21:18:39.196000+00:00,Charles Sheffield Master Side 1 & 2,https://api-pre.library.tamu.edu/fcrepo/rest/bb/97/f2/3e/bb97f23e-803a-4bd6-8406-06802623554c/sci_fi_temp_batch_2_objects/77/pages/page_0/files/c000507_004_040_1_access.mp3
"['The source is an Ampex Audio Mastering Tape', '406 reel tape. The playback device was a TEAC A-3340S reel-to-reel tape deck playing at a speed of 7.5 ips. The audio was captured with Hammerfall DSP Multiface II A/D Converter hardware and Adobe Audition software. Editing and processing was also performed with Adobe Audition. For the access files, Normalize process was used to modify volume levels; noise (hiss/hum/etc.) in the audio was reduced using Noise Reduction process.']",2025-03-25T21:16:26.331000+00:00,Science Fiction Radio Show Master #31-82 J. P. Hogan,https://api-pre.library.tamu.edu/fcrepo/rest/bb/97/f2/3e/bb97f23e-803a-4bd6-8406-06802623554c/sci_fi_temp_batch_2_objects/22/pages/page_0/files/c000507_003_026_access.mp3
"The source is a reel tape. The playback device was a TEAC A-3340S reel-to-reel tape deck playing at a speed of 7.5 ips. The audio was captured with Hammerfall DSP Multiface II A/D Converter hardware and Adobe Audition software. Editing and processing was also performed with Adobe Audition. For the access files, Normalize process was used to modify volume levels; noise (hiss/hum/etc.) in the audio was reduced using Noise Reduction process.",2025-03-25T21:18:49.519000+00:00,Joe Haldeman,https://api-pre.library.tamu.edu/fcrepo/rest/bb/97/f2/3e/bb97f23e-803a-4bd6-8406-06802623554c/sci_fi_temp_batch_2_objects/9/pages/page_0/files/c000507_003_014_access.mp3
"The source is a Maxell UD 35-90 reel tape. The playback device was a TEAC A-3340S reel-to-reel tape deck playing at a speed of 7.5 ips. The audio was captured with Hammerfall DSP Multiface II A/D Converter hardware and Adobe Audition software. Editing and processing was also performed with Adobe Audition. For the access files, Speech Volume Leveler was used to make speech more consistent and intelligible; noise (hiss/hum/etc.) in the audio was reduced using Noise Reduction process. Also, a blank section just under a minute was removed at the 13:33 mark.",2025-03-25T21:16:07.589000+00:00,Charles Harness Master Side 1 & 2,https://api-pre.library.tamu.edu/fcrepo/rest/bb/97/f2/3e/bb97f23e-803a-4bd6-8406-06802623554c/sci_fi_temp_batch_2_objects/12/pages/page_0/files/c000507_003_017_1_access.mp3
"The source is a reel tape. The playback device was a TEAC A-3340S reel-to-reel tape deck playing at a speed of 7.5 ips. The audio was captured with Hammerfall DSP Multiface II A/D Converter hardware and Adobe Audition software. Editing and processing was also performed with Adobe Audition. For the access files, Speech Volume Leveler was used to make speech more consistent and intelligible; noise (hiss/hum/etc.) in the audio was reduced using Noise Reduction process.",2025-03-25T21:16:52.663000+00:00,Damon Knight,https://api-pre.library.tamu.edu/fcrepo/rest/bb/97/f2/3e/bb97f23e-803a-4bd6-8406-06802623554c/sci_fi_temp_batch_2_objects/34/pages/page_0/files/c000507_003_039_access.mp3
"The source is a Maxell UD 35-90 reel tape. The playback device was a TEAC A-3340S reel-to-reel tape deck playing at a speed of 7.5 ips. The audio was captured with Hammerfall DSP Multiface II A/D Converter hardware and Adobe Audition software. Editing and processing was also performed with Adobe Audition. For the access files, Speech Volume Leveler was used to make speech more consistent and intelligible; noise (hiss/hum/etc.) in the audio was reduced using Noise Reduction process.",2025-03-25T21:17:39.927000+00:00,"Kevin O'Donnell, Jr. Master Side 1 only",https://api-pre.library.tamu.edu/fcrepo/rest/bb/97/f2/3e/bb97f23e-803a-4bd6-8406-06802623554c/sci_fi_temp_batch_2_objects/54/pages/page_0/files/c000507_004_018_access.mp3
"The source is a Maxell UD 35-90 reel tape. The playback device was a TEAC A-3340S reel-to-reel tape deck playing at a speed of 7.5 ips. The audio was captured with Hammerfall DSP Multiface II A/D Converter hardware and Adobe Audition software. Editing and processing was also performed with Adobe Audition. For the access files, Speech Volume Leveler was used to make speech more consistent and intelligible; noise (hiss/hum/etc.) in the audio was reduced using Noise Reduction process.",2025-03-25T21:18:01.438000+00:00,"Don Rio, Side 1 Only, Wizards and Warriors, Master",https://api-pre.library.tamu.edu/fcrepo/rest/bb/97/f2/3e/bb97f23e-803a-4bd6-8406-06802623554c/sci_fi_temp_batch_2_objects/64/pages/page_0/files/c000507_004_028_access.mp3
"The source is a TDK LX 3590B reel tape. The playback device was a TEAC A-3340S reel-to-reel tape deck playing at a speed of 7.5 ips. The audio was captured with Hammerfall DSP Multiface II A/D Converter hardware and Adobe Audition software. Editing and processing was also performed with Adobe Audition. For the access files, Speech Volume Leveler was used to make speech more consistent and intelligible; noise (hiss/hum/etc.) in the audio was reduced using Noise Reduction process.",2025-03-25T21:16:27.536000+00:00,Lee Roy Butler on Robert E. Howard Side 2 Raw,https://api-pre.library.tamu.edu/fcrepo/rest/bb/97/f2/3e/bb97f23e-803a-4bd6-8406-06802623554c/sci_fi_temp_batch_2_objects/27/pages/page_0/files/c000507_003_030_2_access.mp3
"The source is a TDK S-1800 reel tape. The playback device was a TEAC A-3340S reel-to-reel tape deck playing at a speed of 7.5 ips. The audio was captured with Hammerfall DSP Multiface II A/D Converter hardware and Adobe Audition software. Audio is only present in the left channel. Editing and processing was also performed with Adobe Audition. For the access files, only the left channel was used since there is no audio in the right channel; Speech Volume Leveler was used to modify volume levels; noise (hiss/hum/etc.) in the audio was reduced using Noise Reduction process.",2025-03-25T21:17:56.065000+00:00,Dr. Richard Hains,https://api-pre.library.tamu.edu/fcrepo/rest/bb/97/f2/3e/bb97f23e-803a-4bd6-8406-06802623554c/sci_fi_temp_batch_2_objects/6/pages/page_0/files/c000507_003_011_access.mp3
"The source is a TDK LX 3590B reel tape. The playback device was a TEAC A-3340S reel-to-reel tape deck playing at a speed of 7.5 ips. The audio was captured with Hammerfall DSP Multiface II A/D Converter hardware and Adobe Audition software. Editing and processing was also performed with Adobe Audition. For the access files, a couple of long silences were reduced; Normalize process was used to modify volume levels; noise (hiss/hum/etc.) in the audio was reduced using Noise Reduction process.",2025-03-25T21:17:16.816000+00:00,New Wave,https://api-pre.library.tamu.edu/fcrepo/rest/bb/97/f2/3e/bb97f23e-803a-4bd6-8406-06802623554c/sci_fi_temp_batch_2_objects/47/pages/page_0/files/c000507_004_010_access.mp3
"The source is a TDK S-1800 reel tape. The playback device was a TEAC A-3340S reel-to-reel tape deck playing at a speed of 7.5 ips. The audio was captured with Hammerfall DSP Multiface II A/D Converter hardware and Adobe Audition software. Editing and processing was also performed with Adobe Audition. For the access files, Speech Volume Leveler was used to make speech more consistent and intelligible; Normalize process was used to modify volume levels.",2025-03-25T21:18:15.279000+00:00,Fred Saberhagen Raw Pt. 2,https://api-pre.library.tamu.edu/fcrepo/rest/bb/97/f2/3e/bb97f23e-803a-4bd6-8406-06802623554c/sci_fi_temp_batch_2_objects/69/pages/page_0/files/c000507_004_033_access.mp3
"The source is a TDK LX 3590B reel tape. The playback device was a TEAC A-3340S reel-to-reel tape deck playing at a speed of 7.5 ips. The audio was captured with Hammerfall DSP Multiface II A/D Converter hardware and Adobe Audition software. Editing and processing was also performed with Adobe Audition. For the access files, Speech Volume Leveler was used to make speech more consistent and intelligible.",2025-03-25T21:17:09.878000+00:00,George RR Martin Fevre Dream,https://api-pre.library.tamu.edu/fcrepo/rest/bb/97/f2/3e/bb97f23e-803a-4bd6-8406-06802623554c/sci_fi_temp_batch_2_objects/39/pages/page_0/files/c000507_004_002_access.mp3
"The source is a reel tape. The playback device was a TEAC A-3340S reel-to-reel tape deck playing at a speed of 7.5 ips. The audio was captured with Hammerfall DSP Multiface II A/D Converter hardware and Adobe Audition software. Editing and processing was also performed with Adobe Audition. For the access files, Normalize process was used to modify volume levels; noise (hiss/hum/etc.) in the audio was reduced using Noise Reduction process.",2025-03-25T21:17:53.798000+00:00,Science Fiction Radio Show Tape 2 F. Pohl,https://api-pre.library.tamu.edu/fcrepo/rest/bb/97/f2/3e/bb97f23e-803a-4bd6-8406-06802623554c/sci_fi_temp_batch_2_objects/59/pages/page_0/files/c000507_004_023_access.mp3
"The source is a Maxell UD 35-90 reel tape. The playback device was a TEAC A-3340S reel-to-reel tape deck playing at a speed of 7.5 ips. The audio was captured with Hammerfall DSP Multiface II A/D Converter hardware and Adobe Audition software. Editing and processing was also performed with Adobe Audition. For the access files, Speech Volume Leveler was used to make speech more consistent and intelligible; noise (hiss/hum/etc.) in the audio was reduced using Noise Reduction process.",2025-03-25T21:17:10.405000+00:00,John Maex (Collecting),https://api-pre.library.tamu.edu/fcrepo/rest/bb/97/f2/3e/bb97f23e-803a-4bd6-8406-06802623554c/sci_fi_temp_batch_2_objects/41/pages/page_0/files/c000507_004_005_access.mp3
"The source is a reel tape. The playback device was a TEAC A-3340S reel-to-reel tape deck playing at a speed of 7.5 ips. The audio was captured with Hammerfall DSP Multiface II A/D Converter hardware and Adobe Audition software. Editing and processing was also performed with Adobe Audition. For the access files, Normalize process was used to modify volume levels.",2025-03-25T21:17:17.140000+00:00,Janet Morris,https://api-pre.library.tamu.edu/fcrepo/rest/bb/97/f2/3e/bb97f23e-803a-4bd6-8406-06802623554c/sci_fi_temp_batch_2_objects/46/pages/page_0/files/c000507_004_009_access.mp3
"The source is a TDK S-1800 reel tape. The playback device was a TEAC A-3340S reel-to-reel tape deck playing at a speed of 7.5 ips. The audio was captured with Hammerfall DSP Multiface II A/D Converter hardware and Adobe Audition software. The audio is almost exclusively in the left channel. Editing and processing was also performed with Adobe Audition. For the access files, only the left channel was used; noise (hiss/hum/etc.) in the audio was reduced using Noise Reduction process; Speech Volume Leveler was used to make speech more consistent and intelligible.",2025-03-25T21:16:29.167000+00:00,James Hogan Interview Raw Pt. 2,https://api-pre.library.tamu.edu/fcrepo/rest/bb/97/f2/3e/bb97f23e-803a-4bd6-8406-06802623554c/sci_fi_temp_batch_2_objects/24/pages/page_0/files/c000507_003_028_access.mp3
"The source is a TDK LX 3590B reel tape. The playback device was a TEAC A-3340S reel-to-reel tape deck playing at a speed of 7.5 ips. The audio was captured with Hammerfall DSP Multiface II A/D Converter hardware and Adobe Audition software. Editing and processing was also performed with Adobe Audition. For the access files, Speech Volume Leveler was used to modify volume levels; noise (hiss/hum/etc.) in the audio was reduced using Noise Reduction process.",2025-03-25T21:16:45.816000+00:00,James Gunn Master Side 1 & 2,https://api-pre.library.tamu.edu/fcrepo/rest/bb/97/f2/3e/bb97f23e-803a-4bd6-8406-06802623554c/sci_fi_temp_batch_2_objects/3/pages/page_0/files/c000507_003_008_2_access.mp3
"The source is a TDK LX 3590B reel tape. The playback device was a TEAC A-3340S reel-to-reel tape deck playing at a speed of 7.5 ips. The audio was captured with Hammerfall DSP Multiface II A/D Converter hardware and Adobe Audition software. The audio is almost exclusively in the left channel. Editing and processing was also performed with Adobe Audition. For the access files, only the left channel was used; Speech Volume Leveler was used to make speech more consistent and intelligible; noise (hiss/hum/etc.) in the audio was reduced using Noise Reduction process.",2025-03-25T21:18:15.340000+00:00,Rudy Rucker Raw Interview,https://api-pre.library.tamu.edu/fcrepo/rest/bb/97/f2/3e/bb97f23e-803a-4bd6-8406-06802623554c/sci_fi_temp_batch_2_objects/66/pages/page_0/files/c000507_004_030_access.mp3
"The source is a reel tape. The playback device was a TEAC A-3340S reel-to-reel tape deck playing at a speed of 7.5 ips. The audio was captured with Hammerfall DSP Multiface II A/D Converter hardware and Adobe Audition software. Editing and processing was also performed with Adobe Audition. For the access files, Speech Volume Leveler was used to make speech more consistent and intelligible; noise (hiss/hum/etc.) in the audio was reduced using Noise Reduction process.",2025-03-25T21:17:34.496000+00:00,Kevin O'Donnell,https://api-pre.library.tamu.edu/fcrepo/rest/bb/97/f2/3e/bb97f23e-803a-4bd6-8406-06802623554c/sci_fi_temp_batch_2_objects/53/pages/page_0/files/c000507_004_017_access.mp3
"The source is a TDK LX 3590B reel tape. The playback device was a TEAC A-3340S reel-to-reel tape deck playing at a speed of 7.5 ips. The audio was captured with Hammerfall DSP Multiface II A/D Converter hardware and Adobe Audition software. Editing and processing was also performed with Adobe Audition. For the access files, Speech Volume Leveler was used to make speech more consistent and intelligible; noise (hiss/hum/etc.) in the audio was reduced using Noise Reduction process.",2025-03-25T21:18:24.380000+00:00,Pamela Sargent Interview Raw,https://api-pre.library.tamu.edu/fcrepo/rest/bb/97/f2/3e/bb97f23e-803a-4bd6-8406-06802623554c/sci_fi_temp_batch_2_objects/71/pages/page_0/files/c000507_004_035_1_access.mp3
"The source is a reel tape. The playback device was a TEAC A-3340S reel-to-reel tape deck playing at a speed of 7.5 ips. The audio was captured with Hammerfall DSP Multiface II A/D Converter hardware and Adobe Audition software. Editing and processing was also performed with Adobe Audition. For the access files, Normalize process was used to modify volume levels.",2025-03-25T21:16:07.507000+00:00,Harry Harrison/George Proctor,https://api-pre.library.tamu.edu/fcrepo/rest/bb/97/f2/3e/bb97f23e-803a-4bd6-8406-06802623554c/sci_fi_temp_batch_2_objects/16/pages/page_0/files/c000507_003_020_access.mp3
"The source is a Maxell UD 35-90 reel tape. The playback device was a TEAC A-3340S reel-to-reel tape deck playing at a speed of 7.5 ips. The audio was captured with Hammerfall DSP Multiface II A/D Converter hardware and Adobe Audition software. Editing and processing was also performed with Adobe Audition. For the access files, Speech Volume Leveler was used to make speech more consistent and intelligible; noise (hiss/hum/etc.) in the audio was reduced using Noise Reduction process.",2025-03-25T21:18:38.844000+00:00,Charles Sheffield Master Side 1 & 2,https://api-pre.library.tamu.edu/fcrepo/rest/bb/97/f2/3e/bb97f23e-803a-4bd6-8406-06802623554c/sci_fi_temp_batch_2_objects/78/pages/page_0/files/c000507_004_040_2_access.mp3
"The source is a TDK LX 3590B reel tape. The playback device was a TEAC A-3340S reel-to-reel tape deck playing at a speed of 7.5 ips. The audio was captured with Hammerfall DSP Multiface II A/D Converter hardware and Adobe Audition software. The audio is almost entirely in the left channel. Editing and processing was also performed with Adobe Audition. For the access files, only the left channel was used; Speech Volume Leveler was used to make speech more consistent and intelligible; noise (hiss/hum/etc.) in the audio was reduced using Noise Reduction process.",2025-03-25T21:16:53.342000+00:00,Lee Killough Tape 1 Raw,https://api-pre.library.tamu.edu/fcrepo/rest/bb/97/f2/3e/bb97f23e-803a-4bd6-8406-06802623554c/sci_fi_temp_batch_2_objects/36/pages/page_0/files/c000507_003_041_access.mp3
"The source is a TDK S-1800 reel tape. The playback device was a TEAC A-3340S reel-to-reel tape deck playing at a speed of 7.5 ips. The audio was captured with Hammerfall DSP Multiface II A/D Converter hardware and Adobe Audition software. The audio is almost exclusively in the right channel. Editing and processing was also performed with Adobe Audition. For the access files, only the right channel was used; Speech Volume Leveler was used to make speech more consistent and intelligible; noise (hiss/hum/etc.) in the audio was reduced using Noise Reduction process.",2025-03-25T21:17:49.573000+00:00,Fredrick Pohl Raw Pt. 2,https://api-pre.library.tamu.edu/fcrepo/rest/bb/97/f2/3e/bb97f23e-803a-4bd6-8406-06802623554c/sci_fi_temp_batch_2_objects/58/pages/page_0/files/c000507_004_022_access.mp3
"The source is a Maxell UD 35-90 reel tape. The playback device was a TEAC A-3340S reel-to-reel tape deck playing at a speed of 7.5 ips. The audio was captured with Hammerfall DSP Multiface II A/D Converter hardware and Adobe Audition software. Editing and processing was also performed with Adobe Audition. For the access files, Speech Volume Leveler was used to make speech more consistent and intelligible; noise (hiss/hum/etc.) in the audio was reduced using Noise Reduction process.",2025-03-25T21:17:13.650000+00:00,Janet Morris Side 1 & 2 Master Part 1,https://api-pre.library.tamu.edu/fcrepo/rest/bb/97/f2/3e/bb97f23e-803a-4bd6-8406-06802623554c/sci_fi_temp_batch_2_objects/43/pages/page_0/files/c000507_004_007_1_access.mp3
"The source is a Maxell UD 35-90 reel tape. The playback device was a TEAC A-3340S reel-to-reel tape deck playing at a speed of 7.5 ips. The audio was captured with Hammerfall DSP Multiface II A/D Converter hardware and Adobe Audition software. Editing and processing was also performed with Adobe Audition. For the access files, Speech Volume Leveler was used to make speech more consistent and intelligible; noise (hiss/hum/etc.) in the audio was reduced using Noise Reduction process.",2025-03-25T21:16:46.709000+00:00,Dean Ing Master Side 1 & 2,https://api-pre.library.tamu.edu/fcrepo/rest/bb/97/f2/3e/bb97f23e-803a-4bd6-8406-06802623554c/sci_fi_temp_batch_2_objects/30/pages/page_0/files/c000507_003_035_2_access.mp3
"The source is a TDK S-1800 reel tape. The playback device was a TEAC A-3340S reel-to-reel tape deck playing at a speed of 7.5 ips. The audio was captured with Hammerfall DSP Multiface II A/D Converter hardware and Adobe Audition software. Audio was found to be only in the left channel. Editing and processing was also performed with Adobe Audition. For the access files, only the left channel was used; Speech Volume Leveler was used to make speech more consistent and intelligible; noise (hiss/hum/etc.) in the audio was reduced using Noise Reduction process.",2025-03-25T21:17:31.666000+00:00,Larry Niven Interview Show,https://api-pre.library.tamu.edu/fcrepo/rest/bb/97/f2/3e/bb97f23e-803a-4bd6-8406-06802623554c/sci_fi_temp_batch_2_objects/50/pages/page_0/files/c000507_004_014_access.mp3
