date_digital_creation,medium,original_publisher,subject,title,rights,format,physical_collection,language,date_issued,genre_form,description,creator,contributor,Image,date_created,title_alternative
2020-06-11T16:58:24.817000+00:00,Electronic,"['Chessington : Ordnance Survey Office', 'DIGITAL: Cushing Memorial Library and Archives']","['London (England)--Aerial photographs', 'London (England)--Maps--1947-', 'G5754.L7A4 s1 .G7']",Greater London : air photo mosaics,https://rightsstatements.org/page/NoC-US/1.0/?language=en,Reformatted digital,Stephen Powys Marks London Collection,en,1945.0,Map,"Prepared from air photographs taken by R.A.F; Original item had scale: circa 1:1,250. 50 inches = 1 mile;  Incomplete series of photomaps. No more published; Maps compiled from 1945-1951 aerial photographs",Great Britain. Ordnance Survey,Great Britain. Royal Air Force,https://api.library.tamu.edu/fcrepo/rest/3b/6f/c3/25/3b6fc325-f6ca-41d8-b91e-8c5db3be8c13/Stephen_Powys_Marks_London_Collection_objects/5/pages/page_0/files/londonmaps_4026191_01.tif|https://api.library.tamu.edu/fcrepo/rest/3b/6f/c3/25/3b6fc325-f6ca-41d8-b91e-8c5db3be8c13/Stephen_Powys_Marks_London_Collection_objects/5/pages/page_1/files/londonmaps_4026191_02.tif|https://api.library.tamu.edu/fcrepo/rest/3b/6f/c3/25/3b6fc325-f6ca-41d8-b91e-8c5db3be8c13/Stephen_Powys_Marks_London_Collection_objects/5/pages/page_2/files/londonmaps_4026191_03.tif|https://api.library.tamu.edu/fcrepo/rest/3b/6f/c3/25/3b6fc325-f6ca-41d8-b91e-8c5db3be8c13/Stephen_Powys_Marks_London_Collection_objects/5/pages/page_3/files/londonmaps_4026191_04.tif|https://api.library.tamu.edu/fcrepo/rest/3b/6f/c3/25/3b6fc325-f6ca-41d8-b91e-8c5db3be8c13/Stephen_Powys_Marks_London_Collection_objects/5/pages/page_4/files/londonmaps_4026191_05.tif|https://api.library.tamu.edu/fcrepo/rest/3b/6f/c3/25/3b6fc325-f6ca-41d8-b91e-8c5db3be8c13/Stephen_Powys_Marks_London_Collection_objects/5/pages/page_5/files/londonmaps_4026191_06.tif|https://api.library.tamu.edu/fcrepo/rest/3b/6f/c3/25/3b6fc325-f6ca-41d8-b91e-8c5db3be8c13/Stephen_Powys_Marks_London_Collection_objects/5/pages/page_6/files/londonmaps_4026191_07.tif|https://api.library.tamu.edu/fcrepo/rest/3b/6f/c3/25/3b6fc325-f6ca-41d8-b91e-8c5db3be8c13/Stephen_Powys_Marks_London_Collection_objects/5/pages/page_7/files/londonmaps_4026191_08.tif|https://api.library.tamu.edu/fcrepo/rest/3b/6f/c3/25/3b6fc325-f6ca-41d8-b91e-8c5db3be8c13/Stephen_Powys_Marks_London_Collection_objects/5/pages/page_8/files/londonmaps_4026191_09.tif|https://api.library.tamu.edu/fcrepo/rest/3b/6f/c3/25/3b6fc325-f6ca-41d8-b91e-8c5db3be8c13/Stephen_Powys_Marks_London_Collection_objects/5/pages/page_9/files/londonmaps_4026191_10.tif|https://api.library.tamu.edu/fcrepo/rest/3b/6f/c3/25/3b6fc325-f6ca-41d8-b91e-8c5db3be8c13/Stephen_Powys_Marks_London_Collection_objects/5/pages/page_10/files/londonmaps_4026191_11.tif|https://api.library.tamu.edu/fcrepo/rest/3b/6f/c3/25/3b6fc325-f6ca-41d8-b91e-8c5db3be8c13/Stephen_Powys_Marks_London_Collection_objects/5/pages/page_11/files/londonmaps_4026191_12.tif|https://api.library.tamu.edu/fcrepo/rest/3b/6f/c3/25/3b6fc325-f6ca-41d8-b91e-8c5db3be8c13/Stephen_Powys_Marks_London_Collection_objects/5/pages/page_12/files/londonmaps_4026191_13.tif|https://api.library.tamu.edu/fcrepo/rest/3b/6f/c3/25/3b6fc325-f6ca-41d8-b91e-8c5db3be8c13/Stephen_Powys_Marks_London_Collection_objects/5/pages/page_13/files/londonmaps_4026191_14.tif|https://api.library.tamu.edu/fcrepo/rest/3b/6f/c3/25/3b6fc325-f6ca-41d8-b91e-8c5db3be8c13/Stephen_Powys_Marks_London_Collection_objects/5/pages/page_14/files/londonmaps_4026191_15.tif|https://api.library.tamu.edu/fcrepo/rest/3b/6f/c3/25/3b6fc325-f6ca-41d8-b91e-8c5db3be8c13/Stephen_Powys_Marks_London_Collection_objects/5/pages/page_15/files/londonmaps_4026191_16.tif,,
2020-06-11T16:16:23.160000+00:00,Electronic,"['DIGITAL: Cushing Memorial Library and Archives', 'London : Guildhall Library']","['London (England)--Aerial views--Facsimiles', 'G5754.L7A35 1850 .V5 1987', ""St. Paul's Cathedral (London, England)--Pictorial works--Facsimiles""]",A view of London and the surrounding country taken from the top of Saint Pauls Cathedral,https://rightsstatements.org/page/NoC-US/1.0/?language=en,Reformatted digital,Stephen Powys Marks London Collection,en,1987.0,Map,Circular low-angle aerial view; Indexed for points of interest; Includes illustrations of Saint Pauls Cathedral in center,,"Guildhall Library (London, England)",https://api.library.tamu.edu/fcrepo/rest/3b/6f/c3/25/3b6fc325-f6ca-41d8-b91e-8c5db3be8c13/Stephen_Powys_Marks_London_Collection_objects/4/pages/page_0/files/londonmaps_3999241.jpg,1850.0,
2020-06-11T15:56:41.291000+00:00,Electronic,"['London : London Topographical Society', 'DIGITAL: Cushing Memorial Library and Archives', 'London : Braun and Hogenberg']","['London (England)--Maps--Early works to 1800--Facsimiles', 'G5754.L7 1572 B7 1882']","Hoefnagel's plan of London from Braun and Hogenburg's Civitates orbis terrarum, 1572",https://rightsstatements.org/page/NoC-US/1.0/?language=en,Reformatted digital,Stephen Powys Marks London Collection,"['la', 'en']",1882.0,Map,"Includes illustrations; Pictorial maps;  ""The Typographic Etching Co. Ph. Sc.t.""; ""Shews St. Paul's with its spire, which was destroyed in 1561. Presumably, therefore, the original plan was drawn before that date""; Reproduced for the London Topographical Society by Chiswick Press; Latin text, place names in English; Scale on original print map [ca. 1:242]; Facsimile. Originally published: London : Braun and Hogenberg, 1572","Braun, Georg (1540 or 1541-1622)","['London Topographical Society', 'Hoefnagel, Joris (1542-1601)', 'Hogenberg, Frans (approximately 1539-1590)']",https://api.library.tamu.edu/fcrepo/rest/3b/6f/c3/25/3b6fc325-f6ca-41d8-b91e-8c5db3be8c13/Stephen_Powys_Marks_London_Collection_objects/2/pages/page_0/files/londonmaps_4033679.jpg,1572.0,Londinvm feracissimi Angliae regni metropolis
2020-06-11T18:27:25.086000+00:00,Electronic,"['DIGITAL: Cushing Memorial Library and Archives', 'London : London Topographical Society']","['London (England)--Aerial views--Early works to 1800--Facsimiles', 'Westminster (London, England)--Aerial views--Early works to 1800--Facsimiles', 'G5754.L7A3 1593 .N6 1899']",Norden's maps of London and Westminster,https://rightsstatements.org/page/NoC-US/1.0/?language=en,Reformatted digital,Stephen Powys Marks London Collection,en,1899.0,Map,"Scale on original item [circa 1:20,000]; Has watermark; Bird's-eye-views; ""Walker & Boutall, ph. sc.""; ""From the 'Speculum Britanni槠of John Norden, London 1593, 4to.""; London map includes index and 14 coats of arms","Norden, John (1548-1625?)","['Keere, Pieter van den, (1571-approximately 1646)', 'London Topographical Society', 'Norden, John, (1548-1625?)']",https://api.library.tamu.edu/fcrepo/rest/3b/6f/c3/25/3b6fc325-f6ca-41d8-b91e-8c5db3be8c13/Stephen_Powys_Marks_London_Collection_objects/12/pages/page_0/files/georeferenced_CML_London_4001251_Nordens.zip|https://api.library.tamu.edu/fcrepo/rest/3b/6f/c3/25/3b6fc325-f6ca-41d8-b91e-8c5db3be8c13/Stephen_Powys_Marks_London_Collection_objects/12/pages/page_1/files/londonmaps_4001251.jpg,1593.0,
2020-06-11T16:03:48.029000+00:00,Electronic,"['London : London Topographical Society', 'DIGITAL: Cushing Memorial Library and Archives']","['Kensington (London, England)--Maps', 'London (England)--Maps', 'Roads--England--London--Maps', 'Roads--England--London--Surveying--Maps', 'G5754.L7:2K4P2 1811.S2 1899']",Plan of the road from Hyde Park Corner to Counter's Bridge,https://rightsstatements.org/page/NoC-US/1.0/?language=en,Reformatted digital,Stephen Powys Marks London Collection,en,1899.0,Map,"""Lithographed on thirty sheets from the original drawings in the British Museum for the London Topographical Society by W. Griggs and Sons,Limited""","Salway, Joseph","['London Topographical Society', 'British Museum', 'W. Griggs and Sons', 'Kensington Turnpike Trustees']",https://api.library.tamu.edu/fcrepo/rest/3b/6f/c3/25/3b6fc325-f6ca-41d8-b91e-8c5db3be8c13/Stephen_Powys_Marks_London_Collection_objects/3/pages/page_0/files/londonmaps_3968145_00intro.tif|https://api.library.tamu.edu/fcrepo/rest/3b/6f/c3/25/3b6fc325-f6ca-41d8-b91e-8c5db3be8c13/Stephen_Powys_Marks_London_Collection_objects/3/pages/page_1/files/londonmaps_3968145_01.tif|https://api.library.tamu.edu/fcrepo/rest/3b/6f/c3/25/3b6fc325-f6ca-41d8-b91e-8c5db3be8c13/Stephen_Powys_Marks_London_Collection_objects/3/pages/page_2/files/londonmaps_3968145_02.tif|https://api.library.tamu.edu/fcrepo/rest/3b/6f/c3/25/3b6fc325-f6ca-41d8-b91e-8c5db3be8c13/Stephen_Powys_Marks_London_Collection_objects/3/pages/page_3/files/londonmaps_3968145_03.tif|https://api.library.tamu.edu/fcrepo/rest/3b/6f/c3/25/3b6fc325-f6ca-41d8-b91e-8c5db3be8c13/Stephen_Powys_Marks_London_Collection_objects/3/pages/page_4/files/londonmaps_3968145_04.tif|https://api.library.tamu.edu/fcrepo/rest/3b/6f/c3/25/3b6fc325-f6ca-41d8-b91e-8c5db3be8c13/Stephen_Powys_Marks_London_Collection_objects/3/pages/page_5/files/londonmaps_3968145_05.tif|https://api.library.tamu.edu/fcrepo/rest/3b/6f/c3/25/3b6fc325-f6ca-41d8-b91e-8c5db3be8c13/Stephen_Powys_Marks_London_Collection_objects/3/pages/page_6/files/londonmaps_3968145_06.tif|https://api.library.tamu.edu/fcrepo/rest/3b/6f/c3/25/3b6fc325-f6ca-41d8-b91e-8c5db3be8c13/Stephen_Powys_Marks_London_Collection_objects/3/pages/page_7/files/londonmaps_3968145_07.tif|https://api.library.tamu.edu/fcrepo/rest/3b/6f/c3/25/3b6fc325-f6ca-41d8-b91e-8c5db3be8c13/Stephen_Powys_Marks_London_Collection_objects/3/pages/page_8/files/londonmaps_3968145_08.tif|https://api.library.tamu.edu/fcrepo/rest/3b/6f/c3/25/3b6fc325-f6ca-41d8-b91e-8c5db3be8c13/Stephen_Powys_Marks_London_Collection_objects/3/pages/page_9/files/londonmaps_3968145_09.tif|https://api.library.tamu.edu/fcrepo/rest/3b/6f/c3/25/3b6fc325-f6ca-41d8-b91e-8c5db3be8c13/Stephen_Powys_Marks_London_Collection_objects/3/pages/page_10/files/londonmaps_3968145_10.tif|https://api.library.tamu.edu/fcrepo/rest/3b/6f/c3/25/3b6fc325-f6ca-41d8-b91e-8c5db3be8c13/Stephen_Powys_Marks_London_Collection_objects/3/pages/page_11/files/londonmaps_3968145_11.tif|https://api.library.tamu.edu/fcrepo/rest/3b/6f/c3/25/3b6fc325-f6ca-41d8-b91e-8c5db3be8c13/Stephen_Powys_Marks_London_Collection_objects/3/pages/page_12/files/londonmaps_3968145_12.tif|https://api.library.tamu.edu/fcrepo/rest/3b/6f/c3/25/3b6fc325-f6ca-41d8-b91e-8c5db3be8c13/Stephen_Powys_Marks_London_Collection_objects/3/pages/page_13/files/londonmaps_3968145_13.tif|https://api.library.tamu.edu/fcrepo/rest/3b/6f/c3/25/3b6fc325-f6ca-41d8-b91e-8c5db3be8c13/Stephen_Powys_Marks_London_Collection_objects/3/pages/page_14/files/londonmaps_3968145_14.tif|https://api.library.tamu.edu/fcrepo/rest/3b/6f/c3/25/3b6fc325-f6ca-41d8-b91e-8c5db3be8c13/Stephen_Powys_Marks_London_Collection_objects/3/pages/page_15/files/londonmaps_3968145_15.tif|https://api.library.tamu.edu/fcrepo/rest/3b/6f/c3/25/3b6fc325-f6ca-41d8-b91e-8c5db3be8c13/Stephen_Powys_Marks_London_Collection_objects/3/pages/page_16/files/londonmaps_3968145_16.tif|https://api.library.tamu.edu/fcrepo/rest/3b/6f/c3/25/3b6fc325-f6ca-41d8-b91e-8c5db3be8c13/Stephen_Powys_Marks_London_Collection_objects/3/pages/page_17/files/londonmaps_3968145_17.tif|https://api.library.tamu.edu/fcrepo/rest/3b/6f/c3/25/3b6fc325-f6ca-41d8-b91e-8c5db3be8c13/Stephen_Powys_Marks_London_Collection_objects/3/pages/page_18/files/londonmaps_3968145_18.tif|https://api.library.tamu.edu/fcrepo/rest/3b/6f/c3/25/3b6fc325-f6ca-41d8-b91e-8c5db3be8c13/Stephen_Powys_Marks_London_Collection_objects/3/pages/page_19/files/londonmaps_3968145_19.tif|https://api.library.tamu.edu/fcrepo/rest/3b/6f/c3/25/3b6fc325-f6ca-41d8-b91e-8c5db3be8c13/Stephen_Powys_Marks_London_Collection_objects/3/pages/page_20/files/londonmaps_3968145_20.tif|https://api.library.tamu.edu/fcrepo/rest/3b/6f/c3/25/3b6fc325-f6ca-41d8-b91e-8c5db3be8c13/Stephen_Powys_Marks_London_Collection_objects/3/pages/page_21/files/londonmaps_3968145_21.tif|https://api.library.tamu.edu/fcrepo/rest/3b/6f/c3/25/3b6fc325-f6ca-41d8-b91e-8c5db3be8c13/Stephen_Powys_Marks_London_Collection_objects/3/pages/page_22/files/londonmaps_3968145_22.tif|https://api.library.tamu.edu/fcrepo/rest/3b/6f/c3/25/3b6fc325-f6ca-41d8-b91e-8c5db3be8c13/Stephen_Powys_Marks_London_Collection_objects/3/pages/page_23/files/londonmaps_3968145_23.tif|https://api.library.tamu.edu/fcrepo/rest/3b/6f/c3/25/3b6fc325-f6ca-41d8-b91e-8c5db3be8c13/Stephen_Powys_Marks_London_Collection_objects/3/pages/page_24/files/londonmaps_3968145_24.tif|https://api.library.tamu.edu/fcrepo/rest/3b/6f/c3/25/3b6fc325-f6ca-41d8-b91e-8c5db3be8c13/Stephen_Powys_Marks_London_Collection_objects/3/pages/page_25/files/londonmaps_3968145_25.tif|https://api.library.tamu.edu/fcrepo/rest/3b/6f/c3/25/3b6fc325-f6ca-41d8-b91e-8c5db3be8c13/Stephen_Powys_Marks_London_Collection_objects/3/pages/page_26/files/londonmaps_3968145_26.tif|https://api.library.tamu.edu/fcrepo/rest/3b/6f/c3/25/3b6fc325-f6ca-41d8-b91e-8c5db3be8c13/Stephen_Powys_Marks_London_Collection_objects/3/pages/page_27/files/londonmaps_3968145_27.tif|https://api.library.tamu.edu/fcrepo/rest/3b/6f/c3/25/3b6fc325-f6ca-41d8-b91e-8c5db3be8c13/Stephen_Powys_Marks_London_Collection_objects/3/pages/page_28/files/londonmaps_3968145_28.tif|https://api.library.tamu.edu/fcrepo/rest/3b/6f/c3/25/3b6fc325-f6ca-41d8-b91e-8c5db3be8c13/Stephen_Powys_Marks_London_Collection_objects/3/pages/page_29/files/londonmaps_3968145_29.tif|https://api.library.tamu.edu/fcrepo/rest/3b/6f/c3/25/3b6fc325-f6ca-41d8-b91e-8c5db3be8c13/Stephen_Powys_Marks_London_Collection_objects/3/pages/page_30/files/londonmaps_3968145_30.tif,,
2020-06-11T17:06:22.178000+00:00,Electronic,"['London : Printed by J. Moore, for Croft and Justyne', 'DIGITAL: Cushing Memorial Library and Archives']","['Cemeteries--England--London--Maps', 'Kensal Green Cemetery (London, England--Maps', 'G5754.L7G54 1865 .P6', 'Kensal Green (London, England--Maps']",Plan of the General Cemetery at Kensal Green in the Harrow Road,https://rightsstatements.org/page/NoC-US/1.0/?language=en,Reformatted digital,"['Stephen Powys Marks London Collection', 'Justyne, William. Guide to Kensal Green Cemetery. 3rd ed.']",en,,Map,Shows numbered plots,,,https://api.library.tamu.edu/fcrepo/rest/3b/6f/c3/25/3b6fc325-f6ca-41d8-b91e-8c5db3be8c13/Stephen_Powys_Marks_London_Collection_objects/9/pages/page_0/files/londonmaps_2823651_01.tif|https://api.library.tamu.edu/fcrepo/rest/3b/6f/c3/25/3b6fc325-f6ca-41d8-b91e-8c5db3be8c13/Stephen_Powys_Marks_London_Collection_objects/9/pages/page_1/files/londonmaps_2823651_02.tif,1865.0,
2020-06-11T17:05:40.942000+00:00,Electronic,"['DIGITAL: Cushing Memorial Library and Archives', 'London : George Philip & Son, Ltd.', 'Geographical Institute']","['London (England)--Maps', 'London (England)--Guidebooks', 'G1819.L7 G46 1923']","Philips' A.B.C. pocket atlas-guide to London, with new postal areas",https://rightsstatements.org/page/NoC-US/1.0/?language=en,Reformatted digital,Stephen Powys Marks London Collection,en,1923.0,Map,"12th. revised edition; Scale on original print item: [1:31,680]",George Philip & Son,"['Philip, Son & Nephew', 'London Geographical Institute']",https://api.library.tamu.edu/fcrepo/rest/3b/6f/c3/25/3b6fc325-f6ca-41d8-b91e-8c5db3be8c13/Stephen_Powys_Marks_London_Collection_objects/8/pages/page_0/files/londonmaps_3736659_01.tif|https://api.library.tamu.edu/fcrepo/rest/3b/6f/c3/25/3b6fc325-f6ca-41d8-b91e-8c5db3be8c13/Stephen_Powys_Marks_London_Collection_objects/8/pages/page_1/files/londonmaps_3736659_02.tif|https://api.library.tamu.edu/fcrepo/rest/3b/6f/c3/25/3b6fc325-f6ca-41d8-b91e-8c5db3be8c13/Stephen_Powys_Marks_London_Collection_objects/8/pages/page_2/files/londonmaps_3736659_03.tif|https://api.library.tamu.edu/fcrepo/rest/3b/6f/c3/25/3b6fc325-f6ca-41d8-b91e-8c5db3be8c13/Stephen_Powys_Marks_London_Collection_objects/8/pages/page_3/files/londonmaps_3736659_04.tif|https://api.library.tamu.edu/fcrepo/rest/3b/6f/c3/25/3b6fc325-f6ca-41d8-b91e-8c5db3be8c13/Stephen_Powys_Marks_London_Collection_objects/8/pages/page_4/files/londonmaps_3736659_05.tif|https://api.library.tamu.edu/fcrepo/rest/3b/6f/c3/25/3b6fc325-f6ca-41d8-b91e-8c5db3be8c13/Stephen_Powys_Marks_London_Collection_objects/8/pages/page_5/files/londonmaps_3736659_06.tif|https://api.library.tamu.edu/fcrepo/rest/3b/6f/c3/25/3b6fc325-f6ca-41d8-b91e-8c5db3be8c13/Stephen_Powys_Marks_London_Collection_objects/8/pages/page_6/files/londonmaps_3736659_07.tif|https://api.library.tamu.edu/fcrepo/rest/3b/6f/c3/25/3b6fc325-f6ca-41d8-b91e-8c5db3be8c13/Stephen_Powys_Marks_London_Collection_objects/8/pages/page_7/files/londonmaps_3736659_08.tif|https://api.library.tamu.edu/fcrepo/rest/3b/6f/c3/25/3b6fc325-f6ca-41d8-b91e-8c5db3be8c13/Stephen_Powys_Marks_London_Collection_objects/8/pages/page_8/files/londonmaps_3736659_09.tif|https://api.library.tamu.edu/fcrepo/rest/3b/6f/c3/25/3b6fc325-f6ca-41d8-b91e-8c5db3be8c13/Stephen_Powys_Marks_London_Collection_objects/8/pages/page_9/files/londonmaps_3736659_10.tif|https://api.library.tamu.edu/fcrepo/rest/3b/6f/c3/25/3b6fc325-f6ca-41d8-b91e-8c5db3be8c13/Stephen_Powys_Marks_London_Collection_objects/8/pages/page_10/files/londonmaps_3736659_11.tif|https://api.library.tamu.edu/fcrepo/rest/3b/6f/c3/25/3b6fc325-f6ca-41d8-b91e-8c5db3be8c13/Stephen_Powys_Marks_London_Collection_objects/8/pages/page_11/files/londonmaps_3736659_12.tif|https://api.library.tamu.edu/fcrepo/rest/3b/6f/c3/25/3b6fc325-f6ca-41d8-b91e-8c5db3be8c13/Stephen_Powys_Marks_London_Collection_objects/8/pages/page_12/files/londonmaps_3736659_13.tif|https://api.library.tamu.edu/fcrepo/rest/3b/6f/c3/25/3b6fc325-f6ca-41d8-b91e-8c5db3be8c13/Stephen_Powys_Marks_London_Collection_objects/8/pages/page_13/files/londonmaps_3736659_14.tif|https://api.library.tamu.edu/fcrepo/rest/3b/6f/c3/25/3b6fc325-f6ca-41d8-b91e-8c5db3be8c13/Stephen_Powys_Marks_London_Collection_objects/8/pages/page_14/files/londonmaps_3736659_15.tif|https://api.library.tamu.edu/fcrepo/rest/3b/6f/c3/25/3b6fc325-f6ca-41d8-b91e-8c5db3be8c13/Stephen_Powys_Marks_London_Collection_objects/8/pages/page_15/files/londonmaps_3736659_16.tif|https://api.library.tamu.edu/fcrepo/rest/3b/6f/c3/25/3b6fc325-f6ca-41d8-b91e-8c5db3be8c13/Stephen_Powys_Marks_London_Collection_objects/8/pages/page_16/files/londonmaps_3736659_17.tif|https://api.library.tamu.edu/fcrepo/rest/3b/6f/c3/25/3b6fc325-f6ca-41d8-b91e-8c5db3be8c13/Stephen_Powys_Marks_London_Collection_objects/8/pages/page_17/files/londonmaps_3736659_18.tif|https://api.library.tamu.edu/fcrepo/rest/3b/6f/c3/25/3b6fc325-f6ca-41d8-b91e-8c5db3be8c13/Stephen_Powys_Marks_London_Collection_objects/8/pages/page_18/files/londonmaps_3736659_19.tif|https://api.library.tamu.edu/fcrepo/rest/3b/6f/c3/25/3b6fc325-f6ca-41d8-b91e-8c5db3be8c13/Stephen_Powys_Marks_London_Collection_objects/8/pages/page_19/files/londonmaps_3736659_20.tif|https://api.library.tamu.edu/fcrepo/rest/3b/6f/c3/25/3b6fc325-f6ca-41d8-b91e-8c5db3be8c13/Stephen_Powys_Marks_London_Collection_objects/8/pages/page_20/files/londonmaps_3736659_21.tif|https://api.library.tamu.edu/fcrepo/rest/3b/6f/c3/25/3b6fc325-f6ca-41d8-b91e-8c5db3be8c13/Stephen_Powys_Marks_London_Collection_objects/8/pages/page_21/files/londonmaps_3736659_22.tif|https://api.library.tamu.edu/fcrepo/rest/3b/6f/c3/25/3b6fc325-f6ca-41d8-b91e-8c5db3be8c13/Stephen_Powys_Marks_London_Collection_objects/8/pages/page_22/files/londonmaps_3736659_23.tif|https://api.library.tamu.edu/fcrepo/rest/3b/6f/c3/25/3b6fc325-f6ca-41d8-b91e-8c5db3be8c13/Stephen_Powys_Marks_London_Collection_objects/8/pages/page_23/files/londonmaps_3736659_24.tif|https://api.library.tamu.edu/fcrepo/rest/3b/6f/c3/25/3b6fc325-f6ca-41d8-b91e-8c5db3be8c13/Stephen_Powys_Marks_London_Collection_objects/8/pages/page_24/files/londonmaps_3736659_25.tif,,A.B.C. pocket atlas-guide to London
2020-06-11T17:03:41.553000+00:00,Electronic,"['London : London Topographical Society', 'DIGITAL: Cushing Memorial Library and Archives']","['DA675.L92', 'London (England)--Pictorial works', 'London (England)--Historic houses, etc.']",Seven unpublished drawings,https://rightsstatements.org/page/NoC-US/1.0/?language=en,Reformatted digital,"['Stephen Powys Marks London Collection', 'Publication (London Topographical Society) ; no. 50']",en,1922.0,Map,"Views of London in the 17th century; ""Emery Walker Limited Collotypers""; Original in portfolio with its Illustrated topographical record of London. London 1898-1900","Hollar, Wenceslaus (1607-1677)",,https://api.library.tamu.edu/fcrepo/rest/3b/6f/c3/25/3b6fc325-f6ca-41d8-b91e-8c5db3be8c13/Stephen_Powys_Marks_London_Collection_objects/6/pages/page_0/files/londonmaps_3958285_01.tif|https://api.library.tamu.edu/fcrepo/rest/3b/6f/c3/25/3b6fc325-f6ca-41d8-b91e-8c5db3be8c13/Stephen_Powys_Marks_London_Collection_objects/6/pages/page_1/files/londonmaps_3958285_02.tif|https://api.library.tamu.edu/fcrepo/rest/3b/6f/c3/25/3b6fc325-f6ca-41d8-b91e-8c5db3be8c13/Stephen_Powys_Marks_London_Collection_objects/6/pages/page_2/files/londonmaps_3958285_03.tif|https://api.library.tamu.edu/fcrepo/rest/3b/6f/c3/25/3b6fc325-f6ca-41d8-b91e-8c5db3be8c13/Stephen_Powys_Marks_London_Collection_objects/6/pages/page_3/files/londonmaps_3958285_04.tif,,
2020-06-11T17:08:49.966000+00:00,Electronic,"['DIGITAL: Cushing Memorial Library and Archives', 'London, J. Taylor']","['NA970 .B8 1825', 'Architecture--England--London', 'London (England)--Description and travel']",Illustrations of the public buildings of London; with historical and descriptive accounts of each edifice,https://rightsstatements.org/page/NoC-US/1.0/?language=en,Reformatted digital,Stephen Powys Marks London Collection,en,,Map,"Two volumes published between 1825 and 1828; Added title-pages, engravings.","Britton, John (1771-1857)",,https://api.library.tamu.edu/fcrepo/rest/3b/6f/c3/25/3b6fc325-f6ca-41d8-b91e-8c5db3be8c13/Stephen_Powys_Marks_London_Collection_objects/10/pages/page_0/files/georeferenced-CML_London_2858014_Illustrations.zip|https://api.library.tamu.edu/fcrepo/rest/3b/6f/c3/25/3b6fc325-f6ca-41d8-b91e-8c5db3be8c13/Stephen_Powys_Marks_London_Collection_objects/10/pages/page_1/files/londonmaps_2858014_01.tif|https://api.library.tamu.edu/fcrepo/rest/3b/6f/c3/25/3b6fc325-f6ca-41d8-b91e-8c5db3be8c13/Stephen_Powys_Marks_London_Collection_objects/10/pages/page_2/files/londonmaps_2858014_02.tif|https://api.library.tamu.edu/fcrepo/rest/3b/6f/c3/25/3b6fc325-f6ca-41d8-b91e-8c5db3be8c13/Stephen_Powys_Marks_London_Collection_objects/10/pages/page_3/files/londonmaps_2858014_03.tif|https://api.library.tamu.edu/fcrepo/rest/3b/6f/c3/25/3b6fc325-f6ca-41d8-b91e-8c5db3be8c13/Stephen_Powys_Marks_London_Collection_objects/10/pages/page_4/files/londonmaps_2858014_04.tif|https://api.library.tamu.edu/fcrepo/rest/3b/6f/c3/25/3b6fc325-f6ca-41d8-b91e-8c5db3be8c13/Stephen_Powys_Marks_London_Collection_objects/10/pages/page_5/files/londonmaps_2858014_05.tif|https://api.library.tamu.edu/fcrepo/rest/3b/6f/c3/25/3b6fc325-f6ca-41d8-b91e-8c5db3be8c13/Stephen_Powys_Marks_London_Collection_objects/10/pages/page_6/files/londonmaps_2858014_06.tif|https://api.library.tamu.edu/fcrepo/rest/3b/6f/c3/25/3b6fc325-f6ca-41d8-b91e-8c5db3be8c13/Stephen_Powys_Marks_London_Collection_objects/10/pages/page_7/files/londonmaps_2858014_07.tif|https://api.library.tamu.edu/fcrepo/rest/3b/6f/c3/25/3b6fc325-f6ca-41d8-b91e-8c5db3be8c13/Stephen_Powys_Marks_London_Collection_objects/10/pages/page_8/files/londonmaps_2858014_08.tif|https://api.library.tamu.edu/fcrepo/rest/3b/6f/c3/25/3b6fc325-f6ca-41d8-b91e-8c5db3be8c13/Stephen_Powys_Marks_London_Collection_objects/10/pages/page_9/files/londonmaps_2858014_09.tif|https://api.library.tamu.edu/fcrepo/rest/3b/6f/c3/25/3b6fc325-f6ca-41d8-b91e-8c5db3be8c13/Stephen_Powys_Marks_London_Collection_objects/10/pages/page_10/files/londonmaps_2858014_10.tif|https://api.library.tamu.edu/fcrepo/rest/3b/6f/c3/25/3b6fc325-f6ca-41d8-b91e-8c5db3be8c13/Stephen_Powys_Marks_London_Collection_objects/10/pages/page_11/files/londonmaps_2858014_11.tif|https://api.library.tamu.edu/fcrepo/rest/3b/6f/c3/25/3b6fc325-f6ca-41d8-b91e-8c5db3be8c13/Stephen_Powys_Marks_London_Collection_objects/10/pages/page_12/files/londonmaps_2858014_12.tif|https://api.library.tamu.edu/fcrepo/rest/3b/6f/c3/25/3b6fc325-f6ca-41d8-b91e-8c5db3be8c13/Stephen_Powys_Marks_London_Collection_objects/10/pages/page_13/files/londonmaps_2858014_13.tif|https://api.library.tamu.edu/fcrepo/rest/3b/6f/c3/25/3b6fc325-f6ca-41d8-b91e-8c5db3be8c13/Stephen_Powys_Marks_London_Collection_objects/10/pages/page_14/files/londonmaps_2858014_14.tif|https://api.library.tamu.edu/fcrepo/rest/3b/6f/c3/25/3b6fc325-f6ca-41d8-b91e-8c5db3be8c13/Stephen_Powys_Marks_London_Collection_objects/10/pages/page_15/files/londonmaps_2858014_15.tif|https://api.library.tamu.edu/fcrepo/rest/3b/6f/c3/25/3b6fc325-f6ca-41d8-b91e-8c5db3be8c13/Stephen_Powys_Marks_London_Collection_objects/10/pages/page_16/files/londonmaps_2858014_16.tif|https://api.library.tamu.edu/fcrepo/rest/3b/6f/c3/25/3b6fc325-f6ca-41d8-b91e-8c5db3be8c13/Stephen_Powys_Marks_London_Collection_objects/10/pages/page_17/files/londonmaps_2858014_17.tif|https://api.library.tamu.edu/fcrepo/rest/3b/6f/c3/25/3b6fc325-f6ca-41d8-b91e-8c5db3be8c13/Stephen_Powys_Marks_London_Collection_objects/10/pages/page_18/files/londonmaps_2858014_18.tif|https://api.library.tamu.edu/fcrepo/rest/3b/6f/c3/25/3b6fc325-f6ca-41d8-b91e-8c5db3be8c13/Stephen_Powys_Marks_London_Collection_objects/10/pages/page_19/files/londonmaps_2858014_19.tif|https://api.library.tamu.edu/fcrepo/rest/3b/6f/c3/25/3b6fc325-f6ca-41d8-b91e-8c5db3be8c13/Stephen_Powys_Marks_London_Collection_objects/10/pages/page_20/files/londonmaps_2858014_20.tif|https://api.library.tamu.edu/fcrepo/rest/3b/6f/c3/25/3b6fc325-f6ca-41d8-b91e-8c5db3be8c13/Stephen_Powys_Marks_London_Collection_objects/10/pages/page_21/files/londonmaps_2858014_21.tif|https://api.library.tamu.edu/fcrepo/rest/3b/6f/c3/25/3b6fc325-f6ca-41d8-b91e-8c5db3be8c13/Stephen_Powys_Marks_London_Collection_objects/10/pages/page_22/files/londonmaps_2858014_22.tif|https://api.library.tamu.edu/fcrepo/rest/3b/6f/c3/25/3b6fc325-f6ca-41d8-b91e-8c5db3be8c13/Stephen_Powys_Marks_London_Collection_objects/10/pages/page_23/files/londonmaps_2858014_23.tif|https://api.library.tamu.edu/fcrepo/rest/3b/6f/c3/25/3b6fc325-f6ca-41d8-b91e-8c5db3be8c13/Stephen_Powys_Marks_London_Collection_objects/10/pages/page_24/files/londonmaps_2858014_24.tif|https://api.library.tamu.edu/fcrepo/rest/3b/6f/c3/25/3b6fc325-f6ca-41d8-b91e-8c5db3be8c13/Stephen_Powys_Marks_London_Collection_objects/10/pages/page_25/files/londonmaps_2858014_25.tif|https://api.library.tamu.edu/fcrepo/rest/3b/6f/c3/25/3b6fc325-f6ca-41d8-b91e-8c5db3be8c13/Stephen_Powys_Marks_London_Collection_objects/10/pages/page_26/files/londonmaps_2858014_26.tif|https://api.library.tamu.edu/fcrepo/rest/3b/6f/c3/25/3b6fc325-f6ca-41d8-b91e-8c5db3be8c13/Stephen_Powys_Marks_London_Collection_objects/10/pages/page_27/files/londonmaps_2858014_27.tif|https://api.library.tamu.edu/fcrepo/rest/3b/6f/c3/25/3b6fc325-f6ca-41d8-b91e-8c5db3be8c13/Stephen_Powys_Marks_London_Collection_objects/10/pages/page_28/files/londonmaps_2858014_28.tif,1825.0,
2020-06-11T18:26:37.056000+00:00,Electronic,"['DIGITAL: Cushing Memorial Library and Archives', 'London : Printed for J. Cary']","['Country homes--England', 'G5750 1810 .C37', 'Roads--Great Britain--Maps']",Cary's survey of the high roads from London to Hampton Court . . .,https://rightsstatements.org/page/NoC-US/1.0/?language=en,Reformatted digital,Stephen Powys Marks London Collection,en,,Map,"Engraved throughout; On original item, maps are printed two to a 22 x 15.5 centimeters leaf, folded to 22 x 7.75 centimeters and mounted into stubs along the fold except for the first General map (which is double) and General plan of turnpike tolls (which is single)","Cary, John (approximately 1754-1835)",,https://api.library.tamu.edu/fcrepo/rest/3b/6f/c3/25/3b6fc325-f6ca-41d8-b91e-8c5db3be8c13/Stephen_Powys_Marks_London_Collection_objects/11/pages/page_0/files/georeferenced_CML_London_3736648_Carys.zip|https://api.library.tamu.edu/fcrepo/rest/3b/6f/c3/25/3b6fc325-f6ca-41d8-b91e-8c5db3be8c13/Stephen_Powys_Marks_London_Collection_objects/11/pages/page_1/files/londonmaps_3736648_01.tif|https://api.library.tamu.edu/fcrepo/rest/3b/6f/c3/25/3b6fc325-f6ca-41d8-b91e-8c5db3be8c13/Stephen_Powys_Marks_London_Collection_objects/11/pages/page_2/files/londonmaps_3736648_02.tif|https://api.library.tamu.edu/fcrepo/rest/3b/6f/c3/25/3b6fc325-f6ca-41d8-b91e-8c5db3be8c13/Stephen_Powys_Marks_London_Collection_objects/11/pages/page_3/files/londonmaps_3736648_03.tif|https://api.library.tamu.edu/fcrepo/rest/3b/6f/c3/25/3b6fc325-f6ca-41d8-b91e-8c5db3be8c13/Stephen_Powys_Marks_London_Collection_objects/11/pages/page_4/files/londonmaps_3736648_04.tif|https://api.library.tamu.edu/fcrepo/rest/3b/6f/c3/25/3b6fc325-f6ca-41d8-b91e-8c5db3be8c13/Stephen_Powys_Marks_London_Collection_objects/11/pages/page_5/files/londonmaps_3736648_05.tif|https://api.library.tamu.edu/fcrepo/rest/3b/6f/c3/25/3b6fc325-f6ca-41d8-b91e-8c5db3be8c13/Stephen_Powys_Marks_London_Collection_objects/11/pages/page_6/files/londonmaps_3736648_06.tif|https://api.library.tamu.edu/fcrepo/rest/3b/6f/c3/25/3b6fc325-f6ca-41d8-b91e-8c5db3be8c13/Stephen_Powys_Marks_London_Collection_objects/11/pages/page_7/files/londonmaps_3736648_07.tif|https://api.library.tamu.edu/fcrepo/rest/3b/6f/c3/25/3b6fc325-f6ca-41d8-b91e-8c5db3be8c13/Stephen_Powys_Marks_London_Collection_objects/11/pages/page_8/files/londonmaps_3736648_08.tif|https://api.library.tamu.edu/fcrepo/rest/3b/6f/c3/25/3b6fc325-f6ca-41d8-b91e-8c5db3be8c13/Stephen_Powys_Marks_London_Collection_objects/11/pages/page_9/files/londonmaps_3736648_09.tif|https://api.library.tamu.edu/fcrepo/rest/3b/6f/c3/25/3b6fc325-f6ca-41d8-b91e-8c5db3be8c13/Stephen_Powys_Marks_London_Collection_objects/11/pages/page_10/files/londonmaps_3736648_10.tif|https://api.library.tamu.edu/fcrepo/rest/3b/6f/c3/25/3b6fc325-f6ca-41d8-b91e-8c5db3be8c13/Stephen_Powys_Marks_London_Collection_objects/11/pages/page_11/files/londonmaps_3736648_11.tif|https://api.library.tamu.edu/fcrepo/rest/3b/6f/c3/25/3b6fc325-f6ca-41d8-b91e-8c5db3be8c13/Stephen_Powys_Marks_London_Collection_objects/11/pages/page_12/files/londonmaps_3736648_12.tif|https://api.library.tamu.edu/fcrepo/rest/3b/6f/c3/25/3b6fc325-f6ca-41d8-b91e-8c5db3be8c13/Stephen_Powys_Marks_London_Collection_objects/11/pages/page_13/files/londonmaps_3736648_13.tif|https://api.library.tamu.edu/fcrepo/rest/3b/6f/c3/25/3b6fc325-f6ca-41d8-b91e-8c5db3be8c13/Stephen_Powys_Marks_London_Collection_objects/11/pages/page_14/files/londonmaps_3736648_14.tif|https://api.library.tamu.edu/fcrepo/rest/3b/6f/c3/25/3b6fc325-f6ca-41d8-b91e-8c5db3be8c13/Stephen_Powys_Marks_London_Collection_objects/11/pages/page_15/files/londonmaps_3736648_15.tif|https://api.library.tamu.edu/fcrepo/rest/3b/6f/c3/25/3b6fc325-f6ca-41d8-b91e-8c5db3be8c13/Stephen_Powys_Marks_London_Collection_objects/11/pages/page_16/files/londonmaps_3736648_16.tif|https://api.library.tamu.edu/fcrepo/rest/3b/6f/c3/25/3b6fc325-f6ca-41d8-b91e-8c5db3be8c13/Stephen_Powys_Marks_London_Collection_objects/11/pages/page_17/files/londonmaps_3736648_17.tif|https://api.library.tamu.edu/fcrepo/rest/3b/6f/c3/25/3b6fc325-f6ca-41d8-b91e-8c5db3be8c13/Stephen_Powys_Marks_London_Collection_objects/11/pages/page_18/files/londonmaps_3736648_18.tif|https://api.library.tamu.edu/fcrepo/rest/3b/6f/c3/25/3b6fc325-f6ca-41d8-b91e-8c5db3be8c13/Stephen_Powys_Marks_London_Collection_objects/11/pages/page_19/files/londonmaps_3736648_19.tif|https://api.library.tamu.edu/fcrepo/rest/3b/6f/c3/25/3b6fc325-f6ca-41d8-b91e-8c5db3be8c13/Stephen_Powys_Marks_London_Collection_objects/11/pages/page_20/files/londonmaps_3736648_20.tif|https://api.library.tamu.edu/fcrepo/rest/3b/6f/c3/25/3b6fc325-f6ca-41d8-b91e-8c5db3be8c13/Stephen_Powys_Marks_London_Collection_objects/11/pages/page_21/files/londonmaps_3736648_21.tif|https://api.library.tamu.edu/fcrepo/rest/3b/6f/c3/25/3b6fc325-f6ca-41d8-b91e-8c5db3be8c13/Stephen_Powys_Marks_London_Collection_objects/11/pages/page_22/files/londonmaps_3736648_22.tif|https://api.library.tamu.edu/fcrepo/rest/3b/6f/c3/25/3b6fc325-f6ca-41d8-b91e-8c5db3be8c13/Stephen_Powys_Marks_London_Collection_objects/11/pages/page_23/files/londonmaps_3736648_23.tif|https://api.library.tamu.edu/fcrepo/rest/3b/6f/c3/25/3b6fc325-f6ca-41d8-b91e-8c5db3be8c13/Stephen_Powys_Marks_London_Collection_objects/11/pages/page_24/files/londonmaps_3736648_24.tif|https://api.library.tamu.edu/fcrepo/rest/3b/6f/c3/25/3b6fc325-f6ca-41d8-b91e-8c5db3be8c13/Stephen_Powys_Marks_London_Collection_objects/11/pages/page_25/files/londonmaps_3736648_25.tif|https://api.library.tamu.edu/fcrepo/rest/3b/6f/c3/25/3b6fc325-f6ca-41d8-b91e-8c5db3be8c13/Stephen_Powys_Marks_London_Collection_objects/11/pages/page_26/files/londonmaps_3736648_26.tif|https://api.library.tamu.edu/fcrepo/rest/3b/6f/c3/25/3b6fc325-f6ca-41d8-b91e-8c5db3be8c13/Stephen_Powys_Marks_London_Collection_objects/11/pages/page_27/files/londonmaps_3736648_27.tif|https://api.library.tamu.edu/fcrepo/rest/3b/6f/c3/25/3b6fc325-f6ca-41d8-b91e-8c5db3be8c13/Stephen_Powys_Marks_London_Collection_objects/11/pages/page_28/files/londonmaps_3736648_28.tif|https://api.library.tamu.edu/fcrepo/rest/3b/6f/c3/25/3b6fc325-f6ca-41d8-b91e-8c5db3be8c13/Stephen_Powys_Marks_London_Collection_objects/11/pages/page_29/files/londonmaps_3736648_29.tif|https://api.library.tamu.edu/fcrepo/rest/3b/6f/c3/25/3b6fc325-f6ca-41d8-b91e-8c5db3be8c13/Stephen_Powys_Marks_London_Collection_objects/11/pages/page_30/files/londonmaps_3736648_30.tif,1810.0,Survey of the high roads from London
2020-06-11T17:04:23.604000+00:00,Electronic,"['DIGITAL: Cushing Memorial Library and Archives', 'London : John Thomas Smith']","['Westminster (London, England)--Maps--Early works to 1800--Facsimiles', 'G5754.W54A5 1578.S65 1807']","Plan of part of the city of Westminster, copied from Radulphus Aggas's [sic] map, taken in the reign of Queen Elizabeth 1578",https://rightsstatements.org/page/NoC-US/1.0/?language=en,Reformatted digital,Stephen Powys Marks London Collection,en,1807.0,Map,Pictorial map with text; Includes index to points of interest; Text runs vertical to the map; Possibly issued under title: Supplemental printes to Smith's Antiquities of Westminster; also issued as: Sixty-two additional plates to Smith's Antiquities of Westminster,"Smith, John Thomas (1766-1833)","Agas, Ralph (1545-1621)",https://api.library.tamu.edu/fcrepo/rest/3b/6f/c3/25/3b6fc325-f6ca-41d8-b91e-8c5db3be8c13/Stephen_Powys_Marks_London_Collection_objects/7/pages/page_0/files/londonmaps_4019410.tif,1578.0,Supplemental printes to Smith's Antiquities of Westminster
